"AREA_CD","REGION_CD","LU_DT","LU_USER_ID"
"AB77","PR",03-JUN-11,1
"AB78","PR",03-JUN-11,1
"AB79","PR",03-JUN-11,1
"AB80","PR",03-JUN-11,1
"AB81","PR",03-JUN-11,1
"AA1","PR",03-JUN-11,1
"AA2","PR",03-JUN-11,1
"AA3","PR",03-JUN-11,1
"AA4","PR",03-JUN-11,1
"AA5","PR",03-JUN-11,1
"AA6","PR",03-JUN-11,1
"AA7","PR",03-JUN-11,1
"AA8","PR",03-JUN-11,1
"AA9","PR",03-JUN-11,1
"AA10","PR",03-JUN-11,1
"AA11","PR",03-JUN-11,1
"AA12","PR",03-JUN-11,1
"AA13","PR",03-JUN-11,1
"AA14","PR",03-JUN-11,1
"AA15","PR",03-JUN-11,1
"AA16","PR",03-JUN-11,1
"AA17","PR",03-JUN-11,1
"AA18","PR",03-JUN-11,1
"AA19","PR",03-JUN-11,1
"AA20","PR",03-JUN-11,1
"AA21","PR",03-JUN-11,1
"AA22","PR",03-JUN-11,1
"AA62","PR",03-JUN-11,1
"AA63","PR",03-JUN-11,1
"AA64","PR",03-JUN-11,1
"AA65","PR",03-JUN-11,1
"AA66","PR",03-JUN-11,1
"AA67","PR",03-JUN-11,1
"AA68","PR",03-JUN-11,1
"AA69","PR",03-JUN-11,1
"AA70","PR",03-JUN-11,1
"AA71","PR",03-JUN-11,1
"AA72","PR",03-JUN-11,1
"AA73","PR",03-JUN-11,1
"AA74","PR",03-JUN-11,1
"AA75","PR",03-JUN-11,1
"AA76","PR",03-JUN-11,1
"AA77","PR",03-JUN-11,1
"AA78","PR",03-JUN-11,1
"AA79","PR",03-JUN-11,1
"AA80","PR",03-JUN-11,1
"Z1","PR",03-JUN-11,1
"Z2","PR",03-JUN-11,1
"Z3","PR",03-JUN-11,1
"Z4","PR",03-JUN-11,1
"Z5","PR",03-JUN-11,1
"Z6","PR",03-JUN-11,1
"Z7","PR",03-JUN-11,1
"Z8","PR",03-JUN-11,1
"Z9","PR",03-JUN-11,1
"Z10","PR",03-JUN-11,1
"Z11","PR",03-JUN-11,1
"Z12","PR",03-JUN-11,1
"Z13","PR",03-JUN-11,1
"Z14","PR",03-JUN-11,1
"Z15","PR",03-JUN-11,1
"Z16","PR",03-JUN-11,1
"Z17","PR",03-JUN-11,1
"Z18","PR",03-JUN-11,1
"Z19","PR",03-JUN-11,1
"Z20","PR",03-JUN-11,1
"Z21","PR",03-JUN-11,1
"Z22","PR",03-JUN-11,1
"Z23","PR",03-JUN-11,1
"Z62","PR",03-JUN-11,1
"Z63","PR",03-JUN-11,1
"Z64","PR",03-JUN-11,1
"Z65","PR",03-JUN-11,1
"Z66","PR",03-JUN-11,1
"Z67","PR",03-JUN-11,1
"Z68","PR",03-JUN-11,1
"Z69","PR",03-JUN-11,1
"Z70","PR",03-JUN-11,1
"Z71","PR",03-JUN-11,1
"Z72","PR",03-JUN-11,1
"Z73","PR",03-JUN-11,1
"Z74","PR",03-JUN-11,1
"Z75","PR",03-JUN-11,1
"Z76","PR",03-JUN-11,1
"Z77","PR",03-JUN-11,1
"Z78","PR",03-JUN-11,1
"Z79","PR",03-JUN-11,1
"Z80","PR",03-JUN-11,1
"Z81","PR",03-JUN-11,1
"Y1","PR",03-JUN-11,1
"Y2","PR",03-JUN-11,1
"Y3","PR",03-JUN-11,1
"Y4","PR",03-JUN-11,1
"Y5","PR",03-JUN-11,1
"Y6","PR",03-JUN-11,1
"Y7","PR",03-JUN-11,1
"Y8","PR",03-JUN-11,1
"Y9","PR",03-JUN-11,1
"Y10","PR",03-JUN-11,1
"Y11","PR",03-JUN-11,1
"Y12","PR",03-JUN-11,1
"Y13","PR",03-JUN-11,1
"Y14","PR",03-JUN-11,1
"Y15","PR",03-JUN-11,1
"Y16","PR",03-JUN-11,1
"Y17","PR",03-JUN-11,1
"Y18","PR",03-JUN-11,1
"Y19","PR",03-JUN-11,1
"Y20","PR",03-JUN-11,1
"Y21","PR",03-JUN-11,1
"Y22","PR",03-JUN-11,1
"Y23","PR",03-JUN-11,1
"Y24","PR",03-JUN-11,1
"Y63","PR",03-JUN-11,1
"Y64","PR",03-JUN-11,1
"Y65","PR",03-JUN-11,1
"Y66","PR",03-JUN-11,1
"Y67","PR",03-JUN-11,1
"Y68","PR",03-JUN-11,1
"Y69","PR",03-JUN-11,1
"Y70","PR",03-JUN-11,1
"Y71","PR",03-JUN-11,1
"Y72","PR",03-JUN-11,1
"Y73","PR",03-JUN-11,1
"Y74","PR",03-JUN-11,1
"Y75","PR",03-JUN-11,1
"Y76","PR",03-JUN-11,1
"Y77","PR",03-JUN-11,1
"Y78","PR",03-JUN-11,1
"Y79","PR",03-JUN-11,1
"Y80","PR",03-JUN-11,1
"Y81","PR",03-JUN-11,1
"X1","PR",03-JUN-11,1
"X2","PR",03-JUN-11,1
"X3","PR",03-JUN-11,1
"X4","PR",03-JUN-11,1
"X5","PR",03-JUN-11,1
"X6","PR",03-JUN-11,1
"X7","PR",03-JUN-11,1
"X8","PR",03-JUN-11,1
"X9","PR",03-JUN-11,1
"X10","PR",03-JUN-11,1
"X11","PR",03-JUN-11,1
"X12","PR",03-JUN-11,1
"X13","PR",03-JUN-11,1
"X14","PR",03-JUN-11,1
"X15","PR",03-JUN-11,1
"X16","PR",03-JUN-11,1
"X17","PR",03-JUN-11,1
"X18","PR",03-JUN-11,1
"X19","PR",03-JUN-11,1
"X20","PR",03-JUN-11,1
"X21","PR",03-JUN-11,1
"X22","PR",03-JUN-11,1
"X23","PR",03-JUN-11,1
"X24","PR",03-JUN-11,1
"V4","PR",03-JUN-11,1
"V5","PR",03-JUN-11,1
"V6","PR",03-JUN-11,1
"V7","PR",03-JUN-11,1
"V8","PR",03-JUN-11,1
"V9","PR",03-JUN-11,1
"V10","PR",03-JUN-11,1
"V11","PR",03-JUN-11,1
"V12","PR",03-JUN-11,1
"V13","PR",03-JUN-11,1
"V14","PR",03-JUN-11,1
"V15","PR",03-JUN-11,1
"V16","PR",03-JUN-11,1
"V17","PR",03-JUN-11,1
"V18","PR",03-JUN-11,1
"V19","PR",03-JUN-11,1
"V20","PR",03-JUN-11,1
"V21","PR",03-JUN-11,1
"V22","PR",03-JUN-11,1
"V23","PR",03-JUN-11,1
"V24","PR",03-JUN-11,1
"V59","PR",03-JUN-11,1
"V60","PR",03-JUN-11,1
"V61","PR",03-JUN-11,1
"V62","PR",03-JUN-11,1
"V63","PR",03-JUN-11,1
"V64","PR",03-JUN-11,1
"V65","PR",03-JUN-11,1
"V66","PR",03-JUN-11,1
"V67","PR",03-JUN-11,1
"V68","PR",03-JUN-11,1
"V69","PR",03-JUN-11,1
"V70","PR",03-JUN-11,1
"V71","PR",03-JUN-11,1
"V72","PR",03-JUN-11,1
"V73","PR",03-JUN-11,1
"V74","PR",03-JUN-11,1
"V75","PR",03-JUN-11,1
"V76","PR",03-JUN-11,1
"V77","PR",03-JUN-11,1
"V78","PR",03-JUN-11,1
"V79","PR",03-JUN-11,1
"V80","PR",03-JUN-11,1
"V81","PR",03-JUN-11,1
"U1","PR",03-JUN-11,1
"U2","PR",03-JUN-11,1
"U3","PR",03-JUN-11,1
"U4","PR",03-JUN-11,1
"U5","PR",03-JUN-11,1
"U6","PR",03-JUN-11,1
"U7","PR",03-JUN-11,1
"U8","PR",03-JUN-11,1
"U9","PR",03-JUN-11,1
"U10","PR",03-JUN-11,1
"U11","PR",03-JUN-11,1
"U12","PR",03-JUN-11,1
"U13","PR",03-JUN-11,1
"U14","PR",03-JUN-11,1
"U15","PR",03-JUN-11,1
"U16","PR",03-JUN-11,1
"U17","PR",03-JUN-11,1
"U18","PR",03-JUN-11,1
"U19","PR",03-JUN-11,1
"U20","PR",03-JUN-11,1
"U21","PR",03-JUN-11,1
"U22","PR",03-JUN-11,1
"U23","PR",03-JUN-11,1
"U24","PR",03-JUN-11,1
"U59","PR",03-JUN-11,1
"U60","PR",03-JUN-11,1
"U61","PR",03-JUN-11,1
"U62","PR",03-JUN-11,1
"U63","PR",03-JUN-11,1
"U64","PR",03-JUN-11,1
"U65","PR",03-JUN-11,1
"U66","PR",03-JUN-11,1
"U67","PR",03-JUN-11,1
"U68","PR",03-JUN-11,1
"U69","PR",03-JUN-11,1
"U70","PR",03-JUN-11,1
"U71","PR",03-JUN-11,1
"U72","PR",03-JUN-11,1
"U73","PR",03-JUN-11,1
"U74","PR",03-JUN-11,1
"U75","PR",03-JUN-11,1
"U76","PR",03-JUN-11,1
"U77","PR",03-JUN-11,1
"U78","PR",03-JUN-11,1
"U79","PR",03-JUN-11,1
"U80","PR",03-JUN-11,1
"U81","PR",03-JUN-11,1
"T1","PR",03-JUN-11,1
"T2","PR",03-JUN-11,1
"T3","PR",03-JUN-11,1
"T4","PR",03-JUN-11,1
"T5","PR",03-JUN-11,1
"T6","PR",03-JUN-11,1
"T7","PR",03-JUN-11,1
"T8","PR",03-JUN-11,1
"T9","PR",03-JUN-11,1
"T10","PR",03-JUN-11,1
"T11","PR",03-JUN-11,1
"T12","PR",03-JUN-11,1
"T13","PR",03-JUN-11,1
"T14","PR",03-JUN-11,1
"T15","PR",03-JUN-11,1
"T16","PR",03-JUN-11,1
"T17","PR",03-JUN-11,1
"T18","PR",03-JUN-11,1
"T19","PR",03-JUN-11,1
"T20","PR",03-JUN-11,1
"T21","PR",03-JUN-11,1
"T22","PR",03-JUN-11,1
"T23","PR",03-JUN-11,1
"T24","PR",03-JUN-11,1
"T58","PR",03-JUN-11,1
"T59","PR",03-JUN-11,1
"T60","PR",03-JUN-11,1
"T61","PR",03-JUN-11,1
"T62","PR",03-JUN-11,1
"T63","PR",03-JUN-11,1
"T64","PR",03-JUN-11,1
"T65","PR",03-JUN-11,1
"T66","PR",03-JUN-11,1
"T67","PR",03-JUN-11,1
"T68","PR",03-JUN-11,1
"T69","PR",03-JUN-11,1
"T70","PR",03-JUN-11,1
"T71","PR",03-JUN-11,1
"T72","PR",03-JUN-11,1
"T73","PR",03-JUN-11,1
"T74","PR",03-JUN-11,1
"T75","PR",03-JUN-11,1
"T76","PR",03-JUN-11,1
"T77","PR",03-JUN-11,1
"T78","PR",03-JUN-11,1
"T79","PR",03-JUN-11,1
"T80","PR",03-JUN-11,1
"T81","PR",03-JUN-11,1
"S1","PR",03-JUN-11,1
"S2","PR",03-JUN-11,1
"S3","PR",03-JUN-11,1
"S4","PR",03-JUN-11,1
"S5","PR",03-JUN-11,1
"S6","PR",03-JUN-11,1
"S7","PR",03-JUN-11,1
"S8","PR",03-JUN-11,1
"S9","PR",03-JUN-11,1
"S10","PR",03-JUN-11,1
"S11","PR",03-JUN-11,1
"S12","PR",03-JUN-11,1
"S13","PR",03-JUN-11,1
"S14","PR",03-JUN-11,1
"S15","PR",03-JUN-11,1
"S16","PR",03-JUN-11,1
"S17","PR",03-JUN-11,1
"S18","PR",03-JUN-11,1
"S19","PR",03-JUN-11,1
"S20","PR",03-JUN-11,1
"AD21","PR",03-JUN-11,1
"AD22","PR",03-JUN-11,1
"AD23","PR",03-JUN-11,1
"AD24","PR",03-JUN-11,1
"AD41","PR",03-JUN-11,1
"AD42","PR",03-JUN-11,1
"AD48","PR",03-JUN-11,1
"AD49","PR",03-JUN-11,1
"AD50","PR",03-JUN-11,1
"AD51","PR",03-JUN-11,1
"AD52","PR",03-JUN-11,1
"AD53","PR",03-JUN-11,1
"AD54","PR",03-JUN-11,1
"AD55","PR",03-JUN-11,1
"AD56","PR",03-JUN-11,1
"AD57","PR",03-JUN-11,1
"AD58","PR",03-JUN-11,1
"AD59","PR",03-JUN-11,1
"AD60","PR",03-JUN-11,1
"AD61","PR",03-JUN-11,1
"AD62","PR",03-JUN-11,1
"AD63","PR",03-JUN-11,1
"AD64","PR",03-JUN-11,1
"AD65","PR",03-JUN-11,1
"AD66","PR",03-JUN-11,1
"AD67","PR",03-JUN-11,1
"AD68","PR",03-JUN-11,1
"AD69","PR",03-JUN-11,1
"AD70","PR",03-JUN-11,1
"AD71","PR",03-JUN-11,1
"AD72","PR",03-JUN-11,1
"AD73","PR",03-JUN-11,1
"AD74","PR",03-JUN-11,1
"AD75","PR",03-JUN-11,1
"AD76","PR",03-JUN-11,1
"AD77","PR",03-JUN-11,1
"AD78","PR",03-JUN-11,1
"AD79","PR",03-JUN-11,1
"AD80","PR",03-JUN-11,1
"AC1","PR",03-JUN-11,1
"AC2","PR",03-JUN-11,1
"AC3","PR",03-JUN-11,1
"AC4","PR",03-JUN-11,1
"AC5","PR",03-JUN-11,1
"AC6","PR",03-JUN-11,1
"AC7","PR",03-JUN-11,1
"AC8","PR",03-JUN-11,1
"AC9","PR",03-JUN-11,1
"AC10","PR",03-JUN-11,1
"AC11","PR",03-JUN-11,1
"AC12","PR",03-JUN-11,1
"AC13","PR",03-JUN-11,1
"AC14","PR",03-JUN-11,1
"AC15","PR",03-JUN-11,1
"AC16","PR",03-JUN-11,1
"AC17","PR",03-JUN-11,1
"AC18","PR",03-JUN-11,1
"AC19","PR",03-JUN-11,1
"AC20","PR",03-JUN-11,1
"AC21","PR",03-JUN-11,1
"AC22","PR",03-JUN-11,1
"AC23","PR",03-JUN-11,1
"AC24","PR",03-JUN-11,1
"AC25","PR",03-JUN-11,1
"AC57","PR",03-JUN-11,1
"AC58","PR",03-JUN-11,1
"AC59","PR",03-JUN-11,1
"AC60","PR",03-JUN-11,1
"AC61","PR",03-JUN-11,1
"AC62","PR",03-JUN-11,1
"AC63","PR",03-JUN-11,1
"AC64","PR",03-JUN-11,1
"AC65","PR",03-JUN-11,1
"AC66","PR",03-JUN-11,1
"AC67","PR",03-JUN-11,1
"AC68","PR",03-JUN-11,1
"AC69","PR",03-JUN-11,1
"AC70","PR",03-JUN-11,1
"AC71","PR",03-JUN-11,1
"AC72","PR",03-JUN-11,1
"AC73","PR",03-JUN-11,1
"AC74","PR",03-JUN-11,1
"AC75","PR",03-JUN-11,1
"AC76","PR",03-JUN-11,1
"AC77","PR",03-JUN-11,1
"AC78","PR",03-JUN-11,1
"AC79","PR",03-JUN-11,1
"AC80","PR",03-JUN-11,1
"AC81","PR",03-JUN-11,1
"AB1","PR",03-JUN-11,1
"AB2","PR",03-JUN-11,1
"AB3","PR",03-JUN-11,1
"AB4","PR",03-JUN-11,1
"AB5","PR",03-JUN-11,1
"AB6","PR",03-JUN-11,1
"AB7","PR",03-JUN-11,1
"AB8","PR",03-JUN-11,1
"AB9","PR",03-JUN-11,1
"AB10","PR",03-JUN-11,1
"AB11","PR",03-JUN-11,1
"AB12","PR",03-JUN-11,1
"AB13","PR",03-JUN-11,1
"AB14","PR",03-JUN-11,1
"AB15","PR",03-JUN-11,1
"AB16","PR",03-JUN-11,1
"AB17","PR",03-JUN-11,1
"AN5","PR",03-JUN-11,1
"AN6","PR",03-JUN-11,1
"AN7","PR",03-JUN-11,1
"AN8","PR",03-JUN-11,1
"AN9","PR",03-JUN-11,1
"AN10","PR",03-JUN-11,1
"AN11","PR",03-JUN-11,1
"AN12","PR",03-JUN-11,1
"AN13","PR",03-JUN-11,1
"AN14","PR",03-JUN-11,1
"AN15","PR",03-JUN-11,1
"AN16","PR",03-JUN-11,1
"AN17","PR",03-JUN-11,1
"AN80","PR",03-JUN-11,1
"AM1","PR",03-JUN-11,1
"AM2","PR",03-JUN-11,1
"AM3","PR",03-JUN-11,1
"AM4","PR",03-JUN-11,1
"AM5","PR",03-JUN-11,1
"AM6","PR",03-JUN-11,1
"AM7","PR",03-JUN-11,1
"AM8","PR",03-JUN-11,1
"AM9","PR",03-JUN-11,1
"AM10","PR",03-JUN-11,1
"AM11","PR",03-JUN-11,1
"AM12","PR",03-JUN-11,1
"AM13","PR",03-JUN-11,1
"AM14","PR",03-JUN-11,1
"AM15","PR",03-JUN-11,1
"AM16","PR",03-JUN-11,1
"AM17","PR",03-JUN-11,1
"AM18","PR",03-JUN-11,1
"AM19","PR",03-JUN-11,1
"AM20","PR",03-JUN-11,1
"AM21","PR",03-JUN-11,1
"AM22","PR",03-JUN-11,1
"AM23","PR",03-JUN-11,1
"AM24","PR",03-JUN-11,1
"AM25","PR",03-JUN-11,1
"AM26","PR",03-JUN-11,1
"AM27","PR",03-JUN-11,1
"AM28","PR",03-JUN-11,1
"AM29","PR",03-JUN-11,1
"AM30","PR",03-JUN-11,1
"AM31","PR",03-JUN-11,1
"AM32","PR",03-JUN-11,1
"AM33","PR",03-JUN-11,1
"AM34","PR",03-JUN-11,1
"AM35","PR",03-JUN-11,1
"AM36","PR",03-JUN-11,1
"AM37","PR",03-JUN-11,1
"AM38","PR",03-JUN-11,1
"AM39","PR",03-JUN-11,1
"AM40","PR",03-JUN-11,1
"AM41","PR",03-JUN-11,1
"AM42","PR",03-JUN-11,1
"AM43","PR",03-JUN-11,1
"AM44","PR",03-JUN-11,1
"AM45","PR",03-JUN-11,1
"AM46","PR",03-JUN-11,1
"AM47","PR",03-JUN-11,1
"AM48","PR",03-JUN-11,1
"AM49","PR",03-JUN-11,1
"AM50","PR",03-JUN-11,1
"AM51","PR",03-JUN-11,1
"AM52","PR",03-JUN-11,1
"AM53","PR",03-JUN-11,1
"AM54","PR",03-JUN-11,1
"AM55","PR",03-JUN-11,1
"AM56","PR",03-JUN-11,1
"AM57","PR",03-JUN-11,1
"AM58","PR",03-JUN-11,1
"AM59","PR",03-JUN-11,1
"AM60","PR",03-JUN-11,1
"AM61","PR",03-JUN-11,1
"AM62","PR",03-JUN-11,1
"AM63","PR",03-JUN-11,1
"AM64","PR",03-JUN-11,1
"AM65","PR",03-JUN-11,1
"AM66","PR",03-JUN-11,1
"AM67","PR",03-JUN-11,1
"AM68","PR",03-JUN-11,1
"AM69","PR",03-JUN-11,1
"AM70","PR",03-JUN-11,1
"AM71","PR",03-JUN-11,1
"AM72","PR",03-JUN-11,1
"AM73","PR",03-JUN-11,1
"AM74","PR",03-JUN-11,1
"AM75","PR",03-JUN-11,1
"AM76","PR",03-JUN-11,1
"AM77","PR",03-JUN-11,1
"AM78","PR",03-JUN-11,1
"AM79","PR",03-JUN-11,1
"AM80","PR",03-JUN-11,1
"AL1","PR",03-JUN-11,1
"AL2","PR",03-JUN-11,1
"AL3","PR",03-JUN-11,1
"AL4","PR",03-JUN-11,1
"AL5","PR",03-JUN-11,1
"AL6","PR",03-JUN-11,1
"AL7","PR",03-JUN-11,1
"AL8","PR",03-JUN-11,1
"AL9","PR",03-JUN-11,1
"AL10","PR",03-JUN-11,1
"AL11","PR",03-JUN-11,1
"AL12","PR",03-JUN-11,1
"AL13","PR",03-JUN-11,1
"AL14","PR",03-JUN-11,1
"AL15","PR",03-JUN-11,1
"AL16","PR",03-JUN-11,1
"AL17","PR",03-JUN-11,1
"AL18","PR",03-JUN-11,1
"AL19","PR",03-JUN-11,1
"AL20","PR",03-JUN-11,1
"AL21","PR",03-JUN-11,1
"AL22","PR",03-JUN-11,1
"AL23","PR",03-JUN-11,1
"AL24","PR",03-JUN-11,1
"AL25","PR",03-JUN-11,1
"AL26","PR",03-JUN-11,1
"AL27","PR",03-JUN-11,1
"AL28","PR",03-JUN-11,1
"AL29","PR",03-JUN-11,1
"AL30","PR",03-JUN-11,1
"AL31","PR",03-JUN-11,1
"AL32","PR",03-JUN-11,1
"AL33","PR",03-JUN-11,1
"AL34","PR",03-JUN-11,1
"AL35","PR",03-JUN-11,1
"AL36","PR",03-JUN-11,1
"AL37","PR",03-JUN-11,1
"AL38","PR",03-JUN-11,1
"AL39","PR",03-JUN-11,1
"AL40","PR",03-JUN-11,1
"M51","PR",03-JUN-11,1
"M52","PR",03-JUN-11,1
"M53","PR",03-JUN-11,1
"M54","PR",03-JUN-11,1
"M55","PR",03-JUN-11,1
"M56","PR",03-JUN-11,1
"M57","PR",03-JUN-11,1
"M58","PR",03-JUN-11,1
"M59","PR",03-JUN-11,1
"M6","PR",03-JUN-11,1
"M60","PR",03-JUN-11,1
"M61","PR",03-JUN-11,1
"M62","PR",03-JUN-11,1
"M63","PR",03-JUN-11,1
"M64","PR",03-JUN-11,1
"M65","PR",03-JUN-11,1
"M66","PR",03-JUN-11,1
"M67","PR",03-JUN-11,1
"M68","PR",03-JUN-11,1
"M69","PR",03-JUN-11,1
"M7","PR",03-JUN-11,1
"M70","PR",03-JUN-11,1
"M71","PR",03-JUN-11,1
"M72","PR",03-JUN-11,1
"M73","PR",03-JUN-11,1
"M74","PR",03-JUN-11,1
"M75","PR",03-JUN-11,1
"M76","PR",03-JUN-11,1
"M77","PR",03-JUN-11,1
"M78","PR",03-JUN-11,1
"M79","PR",03-JUN-11,1
"M8","PR",03-JUN-11,1
"M80","PR",03-JUN-11,1
"M81","PR",03-JUN-11,1
"M9","PR",03-JUN-11,1
"N1","PR",03-JUN-11,1
"N10","PR",03-JUN-11,1
"N11","PR",03-JUN-11,1
"N12","PR",03-JUN-11,1
"N13","PR",03-JUN-11,1
"N14","PR",03-JUN-11,1
"N15","PR",03-JUN-11,1
"N16","PR",03-JUN-11,1
"N17","PR",03-JUN-11,1
"N18","PR",03-JUN-11,1
"N19","PR",03-JUN-11,1
"N2","PR",03-JUN-11,1
"N20","PR",03-JUN-11,1
"N21","PR",03-JUN-11,1
"N22","PR",03-JUN-11,1
"N23","PR",03-JUN-11,1
"N24","PR",03-JUN-11,1
"N25","PR",03-JUN-11,1
"N26","PR",03-JUN-11,1
"N27","PR",03-JUN-11,1
"N28","PR",03-JUN-11,1
"N29","PR",03-JUN-11,1
"N3","PR",03-JUN-11,1
"N30","PR",03-JUN-11,1
"N31","PR",03-JUN-11,1
"N32","PR",03-JUN-11,1
"N33","PR",03-JUN-11,1
"N34","PR",03-JUN-11,1
"N35","PR",03-JUN-11,1
"N36","PR",03-JUN-11,1
"N37","PR",03-JUN-11,1
"N38","PR",03-JUN-11,1
"S21","PR",03-JUN-11,1
"S22","PR",03-JUN-11,1
"S23","PR",03-JUN-11,1
"S24","PR",03-JUN-11,1
"S56","PR",03-JUN-11,1
"S58","PR",03-JUN-11,1
"S59","PR",03-JUN-11,1
"S60","PR",03-JUN-11,1
"S61","PR",03-JUN-11,1
"S62","PR",03-JUN-11,1
"S63","PR",03-JUN-11,1
"S64","PR",03-JUN-11,1
"S65","PR",03-JUN-11,1
"S66","PR",03-JUN-11,1
"S67","PR",03-JUN-11,1
"S68","PR",03-JUN-11,1
"S69","PR",03-JUN-11,1
"S70","PR",03-JUN-11,1
"S71","PR",03-JUN-11,1
"S72","PR",03-JUN-11,1
"S73","PR",03-JUN-11,1
"S74","PR",03-JUN-11,1
"S75","PR",03-JUN-11,1
"S76","PR",03-JUN-11,1
"S77","PR",03-JUN-11,1
"S78","PR",03-JUN-11,1
"S79","PR",03-JUN-11,1
"S80","PR",03-JUN-11,1
"S81","PR",03-JUN-11,1
"R1","PR",03-JUN-11,1
"R2","PR",03-JUN-11,1
"R3","PR",03-JUN-11,1
"R4","PR",03-JUN-11,1
"R5","PR",03-JUN-11,1
"R6","PR",03-JUN-11,1
"R7","PR",03-JUN-11,1
"R8","PR",03-JUN-11,1
"R9","PR",03-JUN-11,1
"R10","PR",03-JUN-11,1
"R11","PR",03-JUN-11,1
"R12","PR",03-JUN-11,1
"R13","PR",03-JUN-11,1
"R14","PR",03-JUN-11,1
"R15","PR",03-JUN-11,1
"R16","PR",03-JUN-11,1
"R17","PR",03-JUN-11,1
"R18","PR",03-JUN-11,1
"R19","PR",03-JUN-11,1
"R20","PR",03-JUN-11,1
"R21","PR",03-JUN-11,1
"R22","PR",03-JUN-11,1
"R23","PR",03-JUN-11,1
"R35","PR",03-JUN-11,1
"R41","PR",03-JUN-11,1
"R42","PR",03-JUN-11,1
"A1","PR",03-JUN-11,1
"A10","PR",03-JUN-11,1
"A11","PR",03-JUN-11,1
"A12","PR",03-JUN-11,1
"A13","PR",03-JUN-11,1
"A14","PR",03-JUN-11,1
"A15","PR",03-JUN-11,1
"A16","PR",03-JUN-11,1
"A17","PR",03-JUN-11,1
"A18","PR",03-JUN-11,1
"A19","PR",03-JUN-11,1
"A2","PR",03-JUN-11,1
"A20","PR",03-JUN-11,1
"A21","PR",03-JUN-11,1
"A22","PR",03-JUN-11,1
"A23","PR",03-JUN-11,1
"A24","PR",03-JUN-11,1
"A25","PR",03-JUN-11,1
"A26","PR",03-JUN-11,1
"A27","PR",03-JUN-11,1
"A28","PR",03-JUN-11,1
"A29","PR",03-JUN-11,1
"A3","PR",03-JUN-11,1
"A30","PR",03-JUN-11,1
"A31","PR",03-JUN-11,1
"A32","PR",03-JUN-11,1
"A33","PR",03-JUN-11,1
"A34","PR",03-JUN-11,1
"A35","PR",03-JUN-11,1
"A36","PR",03-JUN-11,1
"A37","PR",03-JUN-11,1
"A38","PR",03-JUN-11,1
"A39","PR",03-JUN-11,1
"A4","PR",03-JUN-11,1
"A40","PR",03-JUN-11,1
"A41","PR",03-JUN-11,1
"A42","PR",03-JUN-11,1
"A43","PR",03-JUN-11,1
"A44","PR",03-JUN-11,1
"A45","PR",03-JUN-11,1
"A46","PR",03-JUN-11,1
"A47","PR",03-JUN-11,1
"A48","PR",03-JUN-11,1
"A49","PR",03-JUN-11,1
"A5","PR",03-JUN-11,1
"A50","PR",03-JUN-11,1
"A51","PR",03-JUN-11,1
"A52","PR",03-JUN-11,1
"A53","PR",03-JUN-11,1
"A54","PR",03-JUN-11,1
"A55","PR",03-JUN-11,1
"A56","PR",03-JUN-11,1
"A57","PR",03-JUN-11,1
"A58","PR",03-JUN-11,1
"A59","PR",03-JUN-11,1
"A6","PR",03-JUN-11,1
"A60","PR",03-JUN-11,1
"A61","PR",03-JUN-11,1
"A62","PR",03-JUN-11,1
"A63","PR",03-JUN-11,1
"A64","PR",03-JUN-11,1
"A65","PR",03-JUN-11,1
"A66","PR",03-JUN-11,1
"A67","PR",03-JUN-11,1
"A68","PR",03-JUN-11,1
"A69","PR",03-JUN-11,1
"A7","PR",03-JUN-11,1
"A70","PR",03-JUN-11,1
"A71","PR",03-JUN-11,1
"A72","PR",03-JUN-11,1
"A73","PR",03-JUN-11,1
"A74","PR",03-JUN-11,1
"A75","PR",03-JUN-11,1
"A76","PR",03-JUN-11,1
"A77","PR",03-JUN-11,1
"A78","PR",03-JUN-11,1
"A79","PR",03-JUN-11,1
"A8","PR",03-JUN-11,1
"A80","PR",03-JUN-11,1
"A81","PR",03-JUN-11,1
"A9","PR",03-JUN-11,1
"B1","PR",03-JUN-11,1
"B10","PR",03-JUN-11,1
"B11","PR",03-JUN-11,1
"B12","PR",03-JUN-11,1
"B13","PR",03-JUN-11,1
"B14","PR",03-JUN-11,1
"B15","PR",03-JUN-11,1
"B16","PR",03-JUN-11,1
"B17","PR",03-JUN-11,1
"B18","PR",03-JUN-11,1
"B19","PR",03-JUN-11,1
"B2","PR",03-JUN-11,1
"B20","PR",03-JUN-11,1
"B21","PR",03-JUN-11,1
"B22","PR",03-JUN-11,1
"B23","PR",03-JUN-11,1
"B24","PR",03-JUN-11,1
"B25","PR",03-JUN-11,1
"B26","PR",03-JUN-11,1
"B27","PR",03-JUN-11,1
"B28","PR",03-JUN-11,1
"B29","PR",03-JUN-11,1
"B3","PR",03-JUN-11,1
"B30","PR",03-JUN-11,1
"B31","PR",03-JUN-11,1
"B32","PR",03-JUN-11,1
"B33","PR",03-JUN-11,1
"B34","PR",03-JUN-11,1
"B35","PR",03-JUN-11,1
"B36","PR",03-JUN-11,1
"B37","PR",03-JUN-11,1
"B38","PR",03-JUN-11,1
"B39","PR",03-JUN-11,1
"B4","PR",03-JUN-11,1
"B40","PR",03-JUN-11,1
"B41","PR",03-JUN-11,1
"B42","PR",03-JUN-11,1
"B43","PR",03-JUN-11,1
"B44","PR",03-JUN-11,1
"B45","PR",03-JUN-11,1
"B46","PR",03-JUN-11,1
"B47","PR",03-JUN-11,1
"B48","PR",03-JUN-11,1
"B49","PR",03-JUN-11,1
"B5","PR",03-JUN-11,1
"B50","PR",03-JUN-11,1
"B51","PR",03-JUN-11,1
"B52","PR",03-JUN-11,1
"B53","PR",03-JUN-11,1
"B54","PR",03-JUN-11,1
"B55","PR",03-JUN-11,1
"B56","PR",03-JUN-11,1
"B57","PR",03-JUN-11,1
"B58","PR",03-JUN-11,1
"B59","PR",03-JUN-11,1
"B6","PR",03-JUN-11,1
"B60","PR",03-JUN-11,1
"B61","PR",03-JUN-11,1
"B62","PR",03-JUN-11,1
"B63","PR",03-JUN-11,1
"B64","PR",03-JUN-11,1
"B65","PR",03-JUN-11,1
"B66","PR",03-JUN-11,1
"B67","PR",03-JUN-11,1
"B68","PR",03-JUN-11,1
"B69","PR",03-JUN-11,1
"B7","PR",03-JUN-11,1
"B70","PR",03-JUN-11,1
"B71","PR",03-JUN-11,1
"B72","PR",03-JUN-11,1
"B73","PR",03-JUN-11,1
"B74","PR",03-JUN-11,1
"B75","PR",03-JUN-11,1
"B76","PR",03-JUN-11,1
"B77","PR",03-JUN-11,1
"B78","PR",03-JUN-11,1
"B79","PR",03-JUN-11,1
"B8","PR",03-JUN-11,1
"B80","PR",03-JUN-11,1
"B81","PR",03-JUN-11,1
"B9","PR",03-JUN-11,1
"C1","PR",03-JUN-11,1
"C10","PR",03-JUN-11,1
"C11","PR",03-JUN-11,1
"C12","PR",03-JUN-11,1
"C13","PR",03-JUN-11,1
"C14","PR",03-JUN-11,1
"L14","PR",03-JUN-11,1
"L15","PR",03-JUN-11,1
"L16","PR",03-JUN-11,1
"L17","PR",03-JUN-11,1
"L18","PR",03-JUN-11,1
"L19","PR",03-JUN-11,1
"L2","PR",03-JUN-11,1
"L20","PR",03-JUN-11,1
"L21","PR",03-JUN-11,1
"L22","PR",03-JUN-11,1
"L23","PR",03-JUN-11,1
"L24","PR",03-JUN-11,1
"L25","PR",03-JUN-11,1
"L26","PR",03-JUN-11,1
"L27","PR",03-JUN-11,1
"L28","PR",03-JUN-11,1
"L29","PR",03-JUN-11,1
"L3","PR",03-JUN-11,1
"L30","PR",03-JUN-11,1
"L31","PR",03-JUN-11,1
"L32","PR",03-JUN-11,1
"L33","PR",03-JUN-11,1
"L34","PR",03-JUN-11,1
"L35","PR",03-JUN-11,1
"L36","PR",03-JUN-11,1
"L37","PR",03-JUN-11,1
"L38","PR",03-JUN-11,1
"L39","PR",03-JUN-11,1
"L4","PR",03-JUN-11,1
"L40","PR",03-JUN-11,1
"L41","PR",03-JUN-11,1
"L42","PR",03-JUN-11,1
"L43","PR",03-JUN-11,1
"L44","PR",03-JUN-11,1
"L45","PR",03-JUN-11,1
"L46","PR",03-JUN-11,1
"L47","PR",03-JUN-11,1
"L48","PR",03-JUN-11,1
"L49","PR",03-JUN-11,1
"L5","PR",03-JUN-11,1
"L50","PR",03-JUN-11,1
"L51","PR",03-JUN-11,1
"L52","PR",03-JUN-11,1
"L53","PR",03-JUN-11,1
"L54","PR",03-JUN-11,1
"L55","PR",03-JUN-11,1
"L56","PR",03-JUN-11,1
"L57","PR",03-JUN-11,1
"L58","PR",03-JUN-11,1
"L59","PR",03-JUN-11,1
"L6","PR",03-JUN-11,1
"L60","PR",03-JUN-11,1
"L61","PR",03-JUN-11,1
"L62","PR",03-JUN-11,1
"L63","PR",03-JUN-11,1
"L64","PR",03-JUN-11,1
"L65","PR",03-JUN-11,1
"L66","PR",03-JUN-11,1
"L67","PR",03-JUN-11,1
"L68","PR",03-JUN-11,1
"L69","PR",03-JUN-11,1
"L7","PR",03-JUN-11,1
"L70","PR",03-JUN-11,1
"L71","PR",03-JUN-11,1
"L72","PR",03-JUN-11,1
"L73","PR",03-JUN-11,1
"L74","PR",03-JUN-11,1
"L75","PR",03-JUN-11,1
"L76","PR",03-JUN-11,1
"L77","PR",03-JUN-11,1
"L78","PR",03-JUN-11,1
"L79","PR",03-JUN-11,1
"L8","PR",03-JUN-11,1
"L80","PR",03-JUN-11,1
"L81","PR",03-JUN-11,1
"L9","PR",03-JUN-11,1
"M1","PR",03-JUN-11,1
"M10","PR",03-JUN-11,1
"M11","PR",03-JUN-11,1
"M12","PR",03-JUN-11,1
"M13","PR",03-JUN-11,1
"M14","PR",03-JUN-11,1
"M15","PR",03-JUN-11,1
"M16","PR",03-JUN-11,1
"M17","PR",03-JUN-11,1
"M18","PR",03-JUN-11,1
"M19","PR",03-JUN-11,1
"M2","PR",03-JUN-11,1
"M20","PR",03-JUN-11,1
"M21","PR",03-JUN-11,1
"M22","PR",03-JUN-11,1
"M23","PR",03-JUN-11,1
"M24","PR",03-JUN-11,1
"M25","PR",03-JUN-11,1
"AR6","PR",03-JUN-11,1
"AR7","PR",03-JUN-11,1
"AR8","PR",03-JUN-11,1
"AR9","PR",03-JUN-11,1
"AR10","PR",03-JUN-11,1
"AR11","PR",03-JUN-11,1
"AR12","PR",03-JUN-11,1
"AR13","PR",03-JUN-11,1
"AR14","PR",03-JUN-11,1
"AR15","PR",03-JUN-11,1
"AR16","PR",03-JUN-11,1
"AR17","PR",03-JUN-11,1
"AR18","PR",03-JUN-11,1
"AR19","PR",03-JUN-11,1
"AR20","PR",03-JUN-11,1
"AR21","PR",03-JUN-11,1
"AR22","PR",03-JUN-11,1
"AR23","PR",03-JUN-11,1
"AR24","PR",03-JUN-11,1
"AR25","PR",03-JUN-11,1
"AR26","PR",03-JUN-11,1
"AR27","PR",03-JUN-11,1
"AR28","PR",03-JUN-11,1
"AR29","PR",03-JUN-11,1
"AR30","PR",03-JUN-11,1
"AR31","PR",03-JUN-11,1
"AR32","PR",03-JUN-11,1
"AR33","PR",03-JUN-11,1
"AR34","PR",03-JUN-11,1
"AR35","PR",03-JUN-11,1
"AR36","PR",03-JUN-11,1
"AR37","PR",03-JUN-11,1
"AR38","PR",03-JUN-11,1
"AR39","PR",03-JUN-11,1
"AR40","PR",03-JUN-11,1
"AR41","PR",03-JUN-11,1
"AR42","PR",03-JUN-11,1
"AR43","PR",03-JUN-11,1
"AR44","PR",03-JUN-11,1
"AR45","PR",03-JUN-11,1
"AR46","PR",03-JUN-11,1
"AR47","PR",03-JUN-11,1
"AR48","PR",03-JUN-11,1
"AR49","PR",03-JUN-11,1
"AR50","PR",03-JUN-11,1
"AR51","PR",03-JUN-11,1
"AR52","PR",03-JUN-11,1
"AR53","PR",03-JUN-11,1
"AR54","PR",03-JUN-11,1
"AR55","PR",03-JUN-11,1
"AR56","PR",03-JUN-11,1
"AR57","PR",03-JUN-11,1
"AR58","PR",03-JUN-11,1
"AR59","PR",03-JUN-11,1
"AR60","PR",03-JUN-11,1
"AR61","PR",03-JUN-11,1
"AR62","PR",03-JUN-11,1
"AR63","PR",03-JUN-11,1
"AR64","PR",03-JUN-11,1
"AR65","PR",03-JUN-11,1
"AR66","PR",03-JUN-11,1
"AR67","PR",03-JUN-11,1
"AR68","PR",03-JUN-11,1
"AR69","PR",03-JUN-11,1
"AR70","PR",03-JUN-11,1
"AR71","PR",03-JUN-11,1
"AR72","PR",03-JUN-11,1
"AR73","PR",03-JUN-11,1
"AR74","PR",03-JUN-11,1
"AR75","PR",03-JUN-11,1
"AR76","PR",03-JUN-11,1
"AR77","PR",03-JUN-11,1
"AR78","PR",03-JUN-11,1
"AR79","PR",03-JUN-11,1
"AR80","PR",03-JUN-11,1
"AR81","PR",03-JUN-11,1
"AQ1","PR",03-JUN-11,1
"AQ2","PR",03-JUN-11,1
"AQ3","PR",03-JUN-11,1
"AQ4","PR",03-JUN-11,1
"AQ5","PR",03-JUN-11,1
"AQ6","PR",03-JUN-11,1
"AQ7","PR",03-JUN-11,1
"AQ8","PR",03-JUN-11,1
"AQ9","PR",03-JUN-11,1
"AQ10","PR",03-JUN-11,1
"AQ11","PR",03-JUN-11,1
"AQ12","PR",03-JUN-11,1
"AQ13","PR",03-JUN-11,1
"AQ14","PR",03-JUN-11,1
"AQ15","PR",03-JUN-11,1
"AQ16","PR",03-JUN-11,1
"AQ17","PR",03-JUN-11,1
"AQ18","PR",03-JUN-11,1
"AQ19","PR",03-JUN-11,1
"AQ20","PR",03-JUN-11,1
"AQ21","PR",03-JUN-11,1
"AQ22","PR",03-JUN-11,1
"AQ23","PR",03-JUN-11,1
"AQ24","PR",03-JUN-11,1
"AQ25","PR",03-JUN-11,1
"AQ26","PR",03-JUN-11,1
"AQ27","PR",03-JUN-11,1
"AQ28","PR",03-JUN-11,1
"AQ29","PR",03-JUN-11,1
"AQ30","PR",03-JUN-11,1
"AQ31","PR",03-JUN-11,1
"AQ32","PR",03-JUN-11,1
"AQ33","PR",03-JUN-11,1
"AQ34","PR",03-JUN-11,1
"AQ35","PR",03-JUN-11,1
"AQ36","PR",03-JUN-11,1
"AQ37","PR",03-JUN-11,1
"AQ38","PR",03-JUN-11,1
"AQ39","PR",03-JUN-11,1
"AQ40","PR",03-JUN-11,1
"AQ41","PR",03-JUN-11,1
"AQ42","PR",03-JUN-11,1
"AQ43","PR",03-JUN-11,1
"AQ44","PR",03-JUN-11,1
"AQ45","PR",03-JUN-11,1
"AQ46","PR",03-JUN-11,1
"AQ47","PR",03-JUN-11,1
"AQ48","PR",03-JUN-11,1
"AQ49","PR",03-JUN-11,1
"AQ50","PR",03-JUN-11,1
"AQ51","PR",03-JUN-11,1
"AQ52","PR",03-JUN-11,1
"AQ53","PR",03-JUN-11,1
"AQ54","PR",03-JUN-11,1
"AQ55","PR",03-JUN-11,1
"AQ56","PR",03-JUN-11,1
"AQ57","PR",03-JUN-11,1
"AQ58","PR",03-JUN-11,1
"AQ59","PR",03-JUN-11,1
"AQ60","PR",03-JUN-11,1
"AQ61","PR",03-JUN-11,1
"AQ62","PR",03-JUN-11,1
"AQ63","PR",03-JUN-11,1
"AQ64","PR",03-JUN-11,1
"AQ65","PR",03-JUN-11,1
"AQ66","PR",03-JUN-11,1
"AQ67","PR",03-JUN-11,1
"AQ68","PR",03-JUN-11,1
"AQ69","PR",03-JUN-11,1
"AQ70","PR",03-JUN-11,1
"AQ71","PR",03-JUN-11,1
"AQ72","PR",03-JUN-11,1
"AQ73","PR",03-JUN-11,1
"AQ74","PR",03-JUN-11,1
"AQ75","PR",03-JUN-11,1
"AQ76","PR",03-JUN-11,1
"AQ77","PR",03-JUN-11,1
"AQ78","PR",03-JUN-11,1
"AQ79","PR",03-JUN-11,1
"AQ80","PR",03-JUN-11,1
"AP1","PR",03-JUN-11,1
"AP2","PR",03-JUN-11,1
"AP3","PR",03-JUN-11,1
"AP4","PR",03-JUN-11,1
"AP5","PR",03-JUN-11,1
"AP6","PR",03-JUN-11,1
"AP7","PR",03-JUN-11,1
"AP8","PR",03-JUN-11,1
"AP9","PR",03-JUN-11,1
"AP10","PR",03-JUN-11,1
"AP11","PR",03-JUN-11,1
"AP12","PR",03-JUN-11,1
"AP13","PR",03-JUN-11,1
"AP14","PR",03-JUN-11,1
"AP15","PR",03-JUN-11,1
"AP16","PR",03-JUN-11,1
"AP17","PR",03-JUN-11,1
"AP18","PR",03-JUN-11,1
"AP19","PR",03-JUN-11,1
"AP20","PR",03-JUN-11,1
"AP21","PR",03-JUN-11,1
"AP22","PR",03-JUN-11,1
"AP23","PR",03-JUN-11,1
"AP24","PR",03-JUN-11,1
"AP25","PR",03-JUN-11,1
"AP26","PR",03-JUN-11,1
"AP27","PR",03-JUN-11,1
"AP28","PR",03-JUN-11,1
"AP29","PR",03-JUN-11,1
"AP30","PR",03-JUN-11,1
"C76","PR",03-JUN-11,1
"C77","PR",03-JUN-11,1
"C78","PR",03-JUN-11,1
"C79","PR",03-JUN-11,1
"C8","PR",03-JUN-11,1
"C80","PR",03-JUN-11,1
"C81","PR",03-JUN-11,1
"C9","PR",03-JUN-11,1
"D1","PR",03-JUN-11,1
"D10","PR",03-JUN-11,1
"D11","PR",03-JUN-11,1
"D12","PR",03-JUN-11,1
"D13","PR",03-JUN-11,1
"D14","PR",03-JUN-11,1
"D15","PR",03-JUN-11,1
"D16","PR",03-JUN-11,1
"D17","PR",03-JUN-11,1
"D18","PR",03-JUN-11,1
"D19","PR",03-JUN-11,1
"D2","PR",03-JUN-11,1
"D20","PR",03-JUN-11,1
"D21","PR",03-JUN-11,1
"D22","PR",03-JUN-11,1
"D23","PR",03-JUN-11,1
"D24","PR",03-JUN-11,1
"D25","PR",03-JUN-11,1
"D26","PR",03-JUN-11,1
"D27","PR",03-JUN-11,1
"D28","PR",03-JUN-11,1
"D29","PR",03-JUN-11,1
"D3","PR",03-JUN-11,1
"D30","PR",03-JUN-11,1
"D31","PR",03-JUN-11,1
"D32","PR",03-JUN-11,1
"D33","PR",03-JUN-11,1
"D34","PR",03-JUN-11,1
"D35","PR",03-JUN-11,1
"D36","PR",03-JUN-11,1
"D37","PR",03-JUN-11,1
"D38","PR",03-JUN-11,1
"D39","PR",03-JUN-11,1
"D4","PR",03-JUN-11,1
"D40","PR",03-JUN-11,1
"D41","PR",03-JUN-11,1
"D42","PR",03-JUN-11,1
"D43","PR",03-JUN-11,1
"D44","PR",03-JUN-11,1
"D45","PR",03-JUN-11,1
"D46","PR",03-JUN-11,1
"D47","PR",03-JUN-11,1
"D48","PR",03-JUN-11,1
"D49","PR",03-JUN-11,1
"D5","PR",03-JUN-11,1
"D50","PR",03-JUN-11,1
"D51","PR",03-JUN-11,1
"D52","PR",03-JUN-11,1
"D53","PR",03-JUN-11,1
"D54","PR",03-JUN-11,1
"D55","PR",03-JUN-11,1
"D56","PR",03-JUN-11,1
"D57","PR",03-JUN-11,1
"D58","PR",03-JUN-11,1
"D59","PR",03-JUN-11,1
"D6","PR",03-JUN-11,1
"D60","PR",03-JUN-11,1
"D61","PR",03-JUN-11,1
"D62","PR",03-JUN-11,1
"D63","PR",03-JUN-11,1
"D64","PR",03-JUN-11,1
"D65","PR",03-JUN-11,1
"D66","PR",03-JUN-11,1
"D67","PR",03-JUN-11,1
"D68","PR",03-JUN-11,1
"D69","PR",03-JUN-11,1
"D7","PR",03-JUN-11,1
"D70","PR",03-JUN-11,1
"D71","PR",03-JUN-11,1
"D72","PR",03-JUN-11,1
"D73","PR",03-JUN-11,1
"D74","PR",03-JUN-11,1
"D75","PR",03-JUN-11,1
"D76","PR",03-JUN-11,1
"D77","PR",03-JUN-11,1
"D78","PR",03-JUN-11,1
"D79","PR",03-JUN-11,1
"D8","PR",03-JUN-11,1
"D80","PR",03-JUN-11,1
"D81","PR",03-JUN-11,1
"D9","PR",03-JUN-11,1
"E1","PR",03-JUN-11,1
"E10","PR",03-JUN-11,1
"E11","PR",03-JUN-11,1
"E12","PR",03-JUN-11,1
"E13","PR",03-JUN-11,1
"E14","PR",03-JUN-11,1
"E15","PR",03-JUN-11,1
"E16","PR",03-JUN-11,1
"E17","PR",03-JUN-11,1
"E18","PR",03-JUN-11,1
"E19","PR",03-JUN-11,1
"E2","PR",03-JUN-11,1
"E20","PR",03-JUN-11,1
"E21","PR",03-JUN-11,1
"E22","PR",03-JUN-11,1
"E23","PR",03-JUN-11,1
"E24","PR",03-JUN-11,1
"E25","PR",03-JUN-11,1
"E26","PR",03-JUN-11,1
"E27","PR",03-JUN-11,1
"E28","PR",03-JUN-11,1
"E29","PR",03-JUN-11,1
"E3","PR",03-JUN-11,1
"E30","PR",03-JUN-11,1
"E31","PR",03-JUN-11,1
"E32","PR",03-JUN-11,1
"E33","PR",03-JUN-11,1
"E34","PR",03-JUN-11,1
"E35","PR",03-JUN-11,1
"E36","PR",03-JUN-11,1
"E37","PR",03-JUN-11,1
"E38","PR",03-JUN-11,1
"E39","PR",03-JUN-11,1
"E4","PR",03-JUN-11,1
"E40","PR",03-JUN-11,1
"E41","PR",03-JUN-11,1
"E42","PR",03-JUN-11,1
"E43","PR",03-JUN-11,1
"E44","PR",03-JUN-11,1
"E45","PR",03-JUN-11,1
"E46","PR",03-JUN-11,1
"E47","PR",03-JUN-11,1
"E48","PR",03-JUN-11,1
"E49","PR",03-JUN-11,1
"E5","PR",03-JUN-11,1
"E50","PR",03-JUN-11,1
"E51","PR",03-JUN-11,1
"E52","PR",03-JUN-11,1
"E53","PR",03-JUN-11,1
"E54","PR",03-JUN-11,1
"E55","PR",03-JUN-11,1
"E56","PR",03-JUN-11,1
"E57","PR",03-JUN-11,1
"E58","PR",03-JUN-11,1
"E59","PR",03-JUN-11,1
"E6","PR",03-JUN-11,1
"E60","PR",03-JUN-11,1
"E61","PR",03-JUN-11,1
"E62","PR",03-JUN-11,1
"E63","PR",03-JUN-11,1
"E64","PR",03-JUN-11,1
"E65","PR",03-JUN-11,1
"E66","PR",03-JUN-11,1
"E67","PR",03-JUN-11,1
"E68","PR",03-JUN-11,1
"E69","PR",03-JUN-11,1
"E7","PR",03-JUN-11,1
"E70","PR",03-JUN-11,1
"E71","PR",03-JUN-11,1
"E72","PR",03-JUN-11,1
"E73","PR",03-JUN-11,1
"E74","PR",03-JUN-11,1
"E75","PR",03-JUN-11,1
"E76","PR",03-JUN-11,1
"E77","PR",03-JUN-11,1
"E78","PR",03-JUN-11,1
"E79","PR",03-JUN-11,1
"E8","PR",03-JUN-11,1
"E80","PR",03-JUN-11,1
"E81","PR",03-JUN-11,1
"E9","PR",03-JUN-11,1
"F1","PR",03-JUN-11,1
"F10","PR",03-JUN-11,1
"F11","PR",03-JUN-11,1
"F12","PR",03-JUN-11,1
"F13","PR",03-JUN-11,1
"F14","PR",03-JUN-11,1
"F15","PR",03-JUN-11,1
"F16","PR",03-JUN-11,1
"F17","PR",03-JUN-11,1
"F18","PR",03-JUN-11,1
"F19","PR",03-JUN-11,1
"F2","PR",03-JUN-11,1
"F20","PR",03-JUN-11,1
"F21","PR",03-JUN-11,1
"F22","PR",03-JUN-11,1
"F23","PR",03-JUN-11,1
"F24","PR",03-JUN-11,1
"F25","PR",03-JUN-11,1
"F26","PR",03-JUN-11,1
"F27","PR",03-JUN-11,1
"F28","PR",03-JUN-11,1
"F29","PR",03-JUN-11,1
"F3","PR",03-JUN-11,1
"F30","PR",03-JUN-11,1
"F31","PR",03-JUN-11,1
"F32","PR",03-JUN-11,1
"F33","PR",03-JUN-11,1
"F34","PR",03-JUN-11,1
"F35","PR",03-JUN-11,1
"F36","PR",03-JUN-11,1
"F37","PR",03-JUN-11,1
"F38","PR",03-JUN-11,1
"F39","PR",03-JUN-11,1
"F4","PR",03-JUN-11,1
"F40","PR",03-JUN-11,1
"F41","PR",03-JUN-11,1
"F42","PR",03-JUN-11,1
"F43","PR",03-JUN-11,1
"F44","PR",03-JUN-11,1
"F45","PR",03-JUN-11,1
"F46","PR",03-JUN-11,1
"F47","PR",03-JUN-11,1
"F48","PR",03-JUN-11,1
"F49","PR",03-JUN-11,1
"F5","PR",03-JUN-11,1
"F50","PR",03-JUN-11,1
"F51","PR",03-JUN-11,1
"F52","PR",03-JUN-11,1
"F53","PR",03-JUN-11,1
"F54","PR",03-JUN-11,1
"F55","PR",03-JUN-11,1
"F56","PR",03-JUN-11,1
"F57","PR",03-JUN-11,1
"F58","PR",03-JUN-11,1
"F59","PR",03-JUN-11,1
"F6","PR",03-JUN-11,1
"F60","PR",03-JUN-11,1
"F61","PR",03-JUN-11,1
"F62","PR",03-JUN-11,1
"F63","PR",03-JUN-11,1
"F64","PR",03-JUN-11,1
"F65","PR",03-JUN-11,1
"F66","PR",03-JUN-11,1
"F67","PR",03-JUN-11,1
"F68","PR",03-JUN-11,1
"F69","PR",03-JUN-11,1
"F7","PR",03-JUN-11,1
"F70","PR",03-JUN-11,1
"F71","PR",03-JUN-11,1
"F72","PR",03-JUN-11,1
"F73","PR",03-JUN-11,1
"F74","PR",03-JUN-11,1
"F75","PR",03-JUN-11,1
"F76","PR",03-JUN-11,1
"F77","PR",03-JUN-11,1
"F78","PR",03-JUN-11,1
"F79","PR",03-JUN-11,1
"F8","PR",03-JUN-11,1
"F80","PR",03-JUN-11,1
"F81","PR",03-JUN-11,1
"F9","PR",03-JUN-11,1
"G1","PR",03-JUN-11,1
"G10","PR",03-JUN-11,1
"G11","PR",03-JUN-11,1
"G12","PR",03-JUN-11,1
"G13","PR",03-JUN-11,1
"G14","PR",03-JUN-11,1
"G15","PR",03-JUN-11,1
"G16","PR",03-JUN-11,1
"G17","PR",03-JUN-11,1
"G18","PR",03-JUN-11,1
"G19","PR",03-JUN-11,1
"G2","PR",03-JUN-11,1
"G20","PR",03-JUN-11,1
"G21","PR",03-JUN-11,1
"G22","PR",03-JUN-11,1
"G23","PR",03-JUN-11,1
"G24","PR",03-JUN-11,1
"G25","PR",03-JUN-11,1
"G26","PR",03-JUN-11,1
"G27","PR",03-JUN-11,1
"G28","PR",03-JUN-11,1
"G29","PR",03-JUN-11,1
"G3","PR",03-JUN-11,1
"G30","PR",03-JUN-11,1
"G31","PR",03-JUN-11,1
"G32","PR",03-JUN-11,1
"G33","PR",03-JUN-11,1
"G34","PR",03-JUN-11,1
"G35","PR",03-JUN-11,1
"G36","PR",03-JUN-11,1
"G37","PR",03-JUN-11,1
"G38","PR",03-JUN-11,1
"G39","PR",03-JUN-11,1
"G4","PR",03-JUN-11,1
"G40","PR",03-JUN-11,1
"G41","PR",03-JUN-11,1
"G42","PR",03-JUN-11,1
"G43","PR",03-JUN-11,1
"G44","PR",03-JUN-11,1
"G45","PR",03-JUN-11,1
"G46","PR",03-JUN-11,1
"G47","PR",03-JUN-11,1
"G48","PR",03-JUN-11,1
"G49","PR",03-JUN-11,1
"G5","PR",03-JUN-11,1
"G50","PR",03-JUN-11,1
"G51","PR",03-JUN-11,1
"G52","PR",03-JUN-11,1
"G53","PR",03-JUN-11,1
"G54","PR",03-JUN-11,1
"G55","PR",03-JUN-11,1
"G56","PR",03-JUN-11,1
"G57","PR",03-JUN-11,1
"G58","PR",03-JUN-11,1
"G59","PR",03-JUN-11,1
"G6","PR",03-JUN-11,1
"G60","PR",03-JUN-11,1
"G61","PR",03-JUN-11,1
"G62","PR",03-JUN-11,1
"G63","PR",03-JUN-11,1
"G64","PR",03-JUN-11,1
"G65","PR",03-JUN-11,1
"G66","PR",03-JUN-11,1
"G67","PR",03-JUN-11,1
"G68","PR",03-JUN-11,1
"G69","PR",03-JUN-11,1
"G7","PR",03-JUN-11,1
"G70","PR",03-JUN-11,1
"G71","PR",03-JUN-11,1
"G72","PR",03-JUN-11,1
"G73","PR",03-JUN-11,1
"G74","PR",03-JUN-11,1
"G75","PR",03-JUN-11,1
"G76","PR",03-JUN-11,1
"G77","PR",03-JUN-11,1
"G78","PR",03-JUN-11,1
"G79","PR",03-JUN-11,1
"G8","PR",03-JUN-11,1
"G80","PR",03-JUN-11,1
"G81","PR",03-JUN-11,1
"G9","PR",03-JUN-11,1
"H1","PR",03-JUN-11,1
"H10","PR",03-JUN-11,1
"H11","PR",03-JUN-11,1
"H12","PR",03-JUN-11,1
"H13","PR",03-JUN-11,1
"H14","PR",03-JUN-11,1
"H15","PR",03-JUN-11,1
"H16","PR",03-JUN-11,1
"H17","PR",03-JUN-11,1
"H18","PR",03-JUN-11,1
"H19","PR",03-JUN-11,1
"H2","PR",03-JUN-11,1
"H20","PR",03-JUN-11,1
"H21","PR",03-JUN-11,1
"H22","PR",03-JUN-11,1
"H23","PR",03-JUN-11,1
"H24","PR",03-JUN-11,1
"H25","PR",03-JUN-11,1
"H26","PR",03-JUN-11,1
"H27","PR",03-JUN-11,1
"H28","PR",03-JUN-11,1
"H29","PR",03-JUN-11,1
"H3","PR",03-JUN-11,1
"H30","PR",03-JUN-11,1
"H31","PR",03-JUN-11,1
"H32","PR",03-JUN-11,1
"H33","PR",03-JUN-11,1
"H34","PR",03-JUN-11,1
"H35","PR",03-JUN-11,1
"H36","PR",03-JUN-11,1
"H37","PR",03-JUN-11,1
"H38","PR",03-JUN-11,1
"H39","PR",03-JUN-11,1
"H4","PR",03-JUN-11,1
"H40","PR",03-JUN-11,1
"H41","PR",03-JUN-11,1
"H42","PR",03-JUN-11,1
"H43","PR",03-JUN-11,1
"H44","PR",03-JUN-11,1
"H45","PR",03-JUN-11,1
"H46","PR",03-JUN-11,1
"H47","PR",03-JUN-11,1
"H48","PR",03-JUN-11,1
"H49","PR",03-JUN-11,1
"H5","PR",03-JUN-11,1
"H50","PR",03-JUN-11,1
"H51","PR",03-JUN-11,1
"H52","PR",03-JUN-11,1
"H53","PR",03-JUN-11,1
"H54","PR",03-JUN-11,1
"H55","PR",03-JUN-11,1
"H56","PR",03-JUN-11,1
"H57","PR",03-JUN-11,1
"H58","PR",03-JUN-11,1
"H59","PR",03-JUN-11,1
"H6","PR",03-JUN-11,1
"H60","PR",03-JUN-11,1
"H61","PR",03-JUN-11,1
"H62","PR",03-JUN-11,1
"H63","PR",03-JUN-11,1
"H64","PR",03-JUN-11,1
"H65","PR",03-JUN-11,1
"H66","PR",03-JUN-11,1
"H67","PR",03-JUN-11,1
"H68","PR",03-JUN-11,1
"H69","PR",03-JUN-11,1
"H7","PR",03-JUN-11,1
"H70","PR",03-JUN-11,1
"H71","PR",03-JUN-11,1
"H72","PR",03-JUN-11,1
"H73","PR",03-JUN-11,1
"H74","PR",03-JUN-11,1
"H75","PR",03-JUN-11,1
"H76","PR",03-JUN-11,1
"H77","PR",03-JUN-11,1
"H78","PR",03-JUN-11,1
"H79","PR",03-JUN-11,1
"H8","PR",03-JUN-11,1
"H80","PR",03-JUN-11,1
"H81","PR",03-JUN-11,1
"H9","PR",03-JUN-11,1
"I1","PR",03-JUN-11,1
"I10","PR",03-JUN-11,1
"I11","PR",03-JUN-11,1
"I12","PR",03-JUN-11,1
"I13","PR",03-JUN-11,1
"I14","PR",03-JUN-11,1
"I15","PR",03-JUN-11,1
"I16","PR",03-JUN-11,1
"I17","PR",03-JUN-11,1
"I18","PR",03-JUN-11,1
"I19","PR",03-JUN-11,1
"I2","PR",03-JUN-11,1
"I20","PR",03-JUN-11,1
"I21","PR",03-JUN-11,1
"I22","PR",03-JUN-11,1
"I23","PR",03-JUN-11,1
"I24","PR",03-JUN-11,1
"I25","PR",03-JUN-11,1
"I26","PR",03-JUN-11,1
"I27","PR",03-JUN-11,1
"I28","PR",03-JUN-11,1
"I29","PR",03-JUN-11,1
"I3","PR",03-JUN-11,1
"I30","PR",03-JUN-11,1
"I31","PR",03-JUN-11,1
"I32","PR",03-JUN-11,1
"I33","PR",03-JUN-11,1
"I34","PR",03-JUN-11,1
"I35","PR",03-JUN-11,1
"I36","PR",03-JUN-11,1
"I37","PR",03-JUN-11,1
"I38","PR",03-JUN-11,1
"I39","PR",03-JUN-11,1
"I4","PR",03-JUN-11,1
"I40","PR",03-JUN-11,1
"I41","PR",03-JUN-11,1
"I42","PR",03-JUN-11,1
"I43","PR",03-JUN-11,1
"I44","PR",03-JUN-11,1
"I45","PR",03-JUN-11,1
"I46","PR",03-JUN-11,1
"I47","PR",03-JUN-11,1
"I48","PR",03-JUN-11,1
"I49","PR",03-JUN-11,1
"I5","PR",03-JUN-11,1
"I50","PR",03-JUN-11,1
"I51","PR",03-JUN-11,1
"I52","PR",03-JUN-11,1
"I53","PR",03-JUN-11,1
"I54","PR",03-JUN-11,1
"I55","PR",03-JUN-11,1
"I56","PR",03-JUN-11,1
"I57","PR",03-JUN-11,1
"I58","PR",03-JUN-11,1
"I59","PR",03-JUN-11,1
"I6","PR",03-JUN-11,1
"I60","PR",03-JUN-11,1
"I61","PR",03-JUN-11,1
"I62","PR",03-JUN-11,1
"I63","PR",03-JUN-11,1
"I64","PR",03-JUN-11,1
"I65","PR",03-JUN-11,1
"I66","PR",03-JUN-11,1
"I67","PR",03-JUN-11,1
"I68","PR",03-JUN-11,1
"I69","PR",03-JUN-11,1
"I7","PR",03-JUN-11,1
"I70","PR",03-JUN-11,1
"I71","PR",03-JUN-11,1
"I72","PR",03-JUN-11,1
"I73","PR",03-JUN-11,1
"I74","PR",03-JUN-11,1
"I75","PR",03-JUN-11,1
"I76","PR",03-JUN-11,1
"I77","PR",03-JUN-11,1
"I78","PR",03-JUN-11,1
"I79","PR",03-JUN-11,1
"I8","PR",03-JUN-11,1
"I80","PR",03-JUN-11,1
"I81","PR",03-JUN-11,1
"I9","PR",03-JUN-11,1
"J1","PR",03-JUN-11,1
"J10","PR",03-JUN-11,1
"J11","PR",03-JUN-11,1
"J12","PR",03-JUN-11,1
"J13","PR",03-JUN-11,1
"J14","PR",03-JUN-11,1
"J15","PR",03-JUN-11,1
"J16","PR",03-JUN-11,1
"J17","PR",03-JUN-11,1
"J18","PR",03-JUN-11,1
"J19","PR",03-JUN-11,1
"J2","PR",03-JUN-11,1
"J20","PR",03-JUN-11,1
"J21","PR",03-JUN-11,1
"J22","PR",03-JUN-11,1
"J23","PR",03-JUN-11,1
"J24","PR",03-JUN-11,1
"J25","PR",03-JUN-11,1
"J26","PR",03-JUN-11,1
"J27","PR",03-JUN-11,1
"J28","PR",03-JUN-11,1
"J29","PR",03-JUN-11,1
"J3","PR",03-JUN-11,1
"J30","PR",03-JUN-11,1
"J31","PR",03-JUN-11,1
"J32","PR",03-JUN-11,1
"J33","PR",03-JUN-11,1
"J34","PR",03-JUN-11,1
"J35","PR",03-JUN-11,1
"J36","PR",03-JUN-11,1
"J37","PR",03-JUN-11,1
"J38","PR",03-JUN-11,1
"J39","PR",03-JUN-11,1
"J4","PR",03-JUN-11,1
"J40","PR",03-JUN-11,1
"J41","PR",03-JUN-11,1
"J42","PR",03-JUN-11,1
"J43","PR",03-JUN-11,1
"J44","PR",03-JUN-11,1
"J45","PR",03-JUN-11,1
"J46","PR",03-JUN-11,1
"J47","PR",03-JUN-11,1
"J48","PR",03-JUN-11,1
"J49","PR",03-JUN-11,1
"J5","PR",03-JUN-11,1
"J50","PR",03-JUN-11,1
"J51","PR",03-JUN-11,1
"J52","PR",03-JUN-11,1
"J53","PR",03-JUN-11,1
"J54","PR",03-JUN-11,1
"J55","PR",03-JUN-11,1
"J56","PR",03-JUN-11,1
"J57","PR",03-JUN-11,1
"J58","PR",03-JUN-11,1
"K26","PR",03-JUN-11,1
"K27","PR",03-JUN-11,1
"K28","PR",03-JUN-11,1
"K29","PR",03-JUN-11,1
"K3","PR",03-JUN-11,1
"K30","PR",03-JUN-11,1
"K31","PR",03-JUN-11,1
"K32","PR",03-JUN-11,1
"K33","PR",03-JUN-11,1
"K34","PR",03-JUN-11,1
"K35","PR",03-JUN-11,1
"K36","PR",03-JUN-11,1
"K37","PR",03-JUN-11,1
"K38","PR",03-JUN-11,1
"K39","PR",03-JUN-11,1
"K4","PR",03-JUN-11,1
"K40","PR",03-JUN-11,1
"K41","PR",03-JUN-11,1
"K42","PR",03-JUN-11,1
"K43","PR",03-JUN-11,1
"K44","PR",03-JUN-11,1
"K45","PR",03-JUN-11,1
"K46","PR",03-JUN-11,1
"K47","PR",03-JUN-11,1
"K48","PR",03-JUN-11,1
"K49","PR",03-JUN-11,1
"K5","PR",03-JUN-11,1
"K50","PR",03-JUN-11,1
"K51","PR",03-JUN-11,1
"K52","PR",03-JUN-11,1
"K53","PR",03-JUN-11,1
"K54","PR",03-JUN-11,1
"K55","PR",03-JUN-11,1
"K56","PR",03-JUN-11,1
"K57","PR",03-JUN-11,1
"K58","PR",03-JUN-11,1
"K59","PR",03-JUN-11,1
"K6","PR",03-JUN-11,1
"K60","PR",03-JUN-11,1
"K61","PR",03-JUN-11,1
"K62","PR",03-JUN-11,1
"K63","PR",03-JUN-11,1
"K64","PR",03-JUN-11,1
"K65","PR",03-JUN-11,1
"K66","PR",03-JUN-11,1
"K67","PR",03-JUN-11,1
"K68","PR",03-JUN-11,1
"K69","PR",03-JUN-11,1
"K7","PR",03-JUN-11,1
"K70","PR",03-JUN-11,1
"K71","PR",03-JUN-11,1
"K72","PR",03-JUN-11,1
"K73","PR",03-JUN-11,1
"K74","PR",03-JUN-11,1
"K75","PR",03-JUN-11,1
"K76","PR",03-JUN-11,1
"K77","PR",03-JUN-11,1
"K78","PR",03-JUN-11,1
"K79","PR",03-JUN-11,1
"K8","PR",03-JUN-11,1
"K80","PR",03-JUN-11,1
"K81","PR",03-JUN-11,1
"K9","PR",03-JUN-11,1
"L1","PR",03-JUN-11,1
"L10","PR",03-JUN-11,1
"L11","PR",03-JUN-11,1
"L12","PR",03-JUN-11,1
"L13","PR",03-JUN-11,1
"J59","PR",03-JUN-11,1
"J6","PR",03-JUN-11,1
"J60","PR",03-JUN-11,1
"J61","PR",03-JUN-11,1
"J62","PR",03-JUN-11,1
"J63","PR",03-JUN-11,1
"J64","PR",03-JUN-11,1
"J65","PR",03-JUN-11,1
"J66","PR",03-JUN-11,1
"J67","PR",03-JUN-11,1
"J68","PR",03-JUN-11,1
"J69","PR",03-JUN-11,1
"J7","PR",03-JUN-11,1
"J70","PR",03-JUN-11,1
"J71","PR",03-JUN-11,1
"J72","PR",03-JUN-11,1
"J73","PR",03-JUN-11,1
"AP31","PR",03-JUN-11,1
"AP32","PR",03-JUN-11,1
"AP33","PR",03-JUN-11,1
"AP34","PR",03-JUN-11,1
"AP35","PR",03-JUN-11,1
"AP36","PR",03-JUN-11,1
"AP37","PR",03-JUN-11,1
"AP38","PR",03-JUN-11,1
"AP39","PR",03-JUN-11,1
"AP40","PR",03-JUN-11,1
"AP41","PR",03-JUN-11,1
"AP42","PR",03-JUN-11,1
"AP43","PR",03-JUN-11,1
"AP44","PR",03-JUN-11,1
"AP45","PR",03-JUN-11,1
"AP46","PR",03-JUN-11,1
"AP47","PR",03-JUN-11,1
"AP48","PR",03-JUN-11,1
"AP49","PR",03-JUN-11,1
"AP50","PR",03-JUN-11,1
"AP51","PR",03-JUN-11,1
"AP52","PR",03-JUN-11,1
"AP53","PR",03-JUN-11,1
"AP54","PR",03-JUN-11,1
"AP55","PR",03-JUN-11,1
"AP56","PR",03-JUN-11,1
"AP57","PR",03-JUN-11,1
"AP58","PR",03-JUN-11,1
"AP59","PR",03-JUN-11,1
"AP60","PR",03-JUN-11,1
"AP61","PR",03-JUN-11,1
"AP62","PR",03-JUN-11,1
"AP63","PR",03-JUN-11,1
"AP64","PR",03-JUN-11,1
"AP65","PR",03-JUN-11,1
"AP66","PR",03-JUN-11,1
"AP67","PR",03-JUN-11,1
"AP68","PR",03-JUN-11,1
"AP69","PR",03-JUN-11,1
"AP70","PR",03-JUN-11,1
"AP71","PR",03-JUN-11,1
"AP72","PR",03-JUN-11,1
"AP73","PR",03-JUN-11,1
"AP74","PR",03-JUN-11,1
"AP75","PR",03-JUN-11,1
"AP76","PR",03-JUN-11,1
"AP77","PR",03-JUN-11,1
"AP78","PR",03-JUN-11,1
"AP79","PR",03-JUN-11,1
"AP80","PR",03-JUN-11,1
"AP81","PR",03-JUN-11,1
"AO1","PR",03-JUN-11,1
"AO2","PR",03-JUN-11,1
"AO3","PR",03-JUN-11,1
"AO4","PR",03-JUN-11,1
"AO5","PR",03-JUN-11,1
"AO6","PR",03-JUN-11,1
"AO7","PR",03-JUN-11,1
"AO8","PR",03-JUN-11,1
"AO9","PR",03-JUN-11,1
"AO10","PR",03-JUN-11,1
"AO11","PR",03-JUN-11,1
"AO12","PR",03-JUN-11,1
"AO13","PR",03-JUN-11,1
"AO14","PR",03-JUN-11,1
"AO15","PR",03-JUN-11,1
"AO16","PR",03-JUN-11,1
"AO17","PR",03-JUN-11,1
"AO18","PR",03-JUN-11,1
"AO19","PR",03-JUN-11,1
"AO20","PR",03-JUN-11,1
"AO21","PR",03-JUN-11,1
"AO22","PR",03-JUN-11,1
"AO23","PR",03-JUN-11,1
"AO24","PR",03-JUN-11,1
"AO25","PR",03-JUN-11,1
"AO26","PR",03-JUN-11,1
"AO27","PR",03-JUN-11,1
"AO28","PR",03-JUN-11,1
"AO29","PR",03-JUN-11,1
"AO30","PR",03-JUN-11,1
"AO31","PR",03-JUN-11,1
"AO32","PR",03-JUN-11,1
"AO33","PR",03-JUN-11,1
"AO34","PR",03-JUN-11,1
"AO35","PR",03-JUN-11,1
"AO36","PR",03-JUN-11,1
"AO37","PR",03-JUN-11,1
"AO38","PR",03-JUN-11,1
"AO39","PR",03-JUN-11,1
"AO40","PR",03-JUN-11,1
"AO41","PR",03-JUN-11,1
"AO42","PR",03-JUN-11,1
"AO43","PR",03-JUN-11,1
"AO44","PR",03-JUN-11,1
"AO45","PR",03-JUN-11,1
"AO46","PR",03-JUN-11,1
"AO47","PR",03-JUN-11,1
"AO48","PR",03-JUN-11,1
"AO49","PR",03-JUN-11,1
"AO50","PR",03-JUN-11,1
"AO51","PR",03-JUN-11,1
"AO52","PR",03-JUN-11,1
"AO53","PR",03-JUN-11,1
"AO54","PR",03-JUN-11,1
"AO55","PR",03-JUN-11,1
"AO56","PR",03-JUN-11,1
"AO57","PR",03-JUN-11,1
"AO58","PR",03-JUN-11,1
"AO59","PR",03-JUN-11,1
"AO60","PR",03-JUN-11,1
"AO61","PR",03-JUN-11,1
"AO62","PR",03-JUN-11,1
"AO63","PR",03-JUN-11,1
"AO64","PR",03-JUN-11,1
"AO65","PR",03-JUN-11,1
"AO66","PR",03-JUN-11,1
"AO67","PR",03-JUN-11,1
"C15","PR",03-JUN-11,1
"C16","PR",03-JUN-11,1
"C17","PR",03-JUN-11,1
"C18","PR",03-JUN-11,1
"C19","PR",03-JUN-11,1
"C2","PR",03-JUN-11,1
"C20","PR",03-JUN-11,1
"C21","PR",03-JUN-11,1
"C22","PR",03-JUN-11,1
"C23","PR",03-JUN-11,1
"C24","PR",03-JUN-11,1
"C25","PR",03-JUN-11,1
"C26","PR",03-JUN-11,1
"C27","PR",03-JUN-11,1
"C28","PR",03-JUN-11,1
"C29","PR",03-JUN-11,1
"C3","PR",03-JUN-11,1
"C30","PR",03-JUN-11,1
"C31","PR",03-JUN-11,1
"C32","PR",03-JUN-11,1
"C33","PR",03-JUN-11,1
"C34","PR",03-JUN-11,1
"C35","PR",03-JUN-11,1
"C36","PR",03-JUN-11,1
"C37","PR",03-JUN-11,1
"C38","PR",03-JUN-11,1
"C39","PR",03-JUN-11,1
"C4","PR",03-JUN-11,1
"C40","PR",03-JUN-11,1
"C41","PR",03-JUN-11,1
"C42","PR",03-JUN-11,1
"C43","PR",03-JUN-11,1
"C44","PR",03-JUN-11,1
"C45","PR",03-JUN-11,1
"C46","PR",03-JUN-11,1
"C47","PR",03-JUN-11,1
"C48","PR",03-JUN-11,1
"C49","PR",03-JUN-11,1
"C5","PR",03-JUN-11,1
"C50","PR",03-JUN-11,1
"C51","PR",03-JUN-11,1
"C52","PR",03-JUN-11,1
"C53","PR",03-JUN-11,1
"C54","PR",03-JUN-11,1
"C55","PR",03-JUN-11,1
"C56","PR",03-JUN-11,1
"C57","PR",03-JUN-11,1
"C58","PR",03-JUN-11,1
"C59","PR",03-JUN-11,1
"C6","PR",03-JUN-11,1
"C60","PR",03-JUN-11,1
"C61","PR",03-JUN-11,1
"C62","PR",03-JUN-11,1
"C63","PR",03-JUN-11,1
"C64","PR",03-JUN-11,1
"C65","PR",03-JUN-11,1
"C66","PR",03-JUN-11,1
"C67","PR",03-JUN-11,1
"C68","PR",03-JUN-11,1
"C69","PR",03-JUN-11,1
"C7","PR",03-JUN-11,1
"C70","PR",03-JUN-11,1
"C71","PR",03-JUN-11,1
"C72","PR",03-JUN-11,1
"C73","PR",03-JUN-11,1
"C74","PR",03-JUN-11,1
"C75","PR",03-JUN-11,1
"AV1","PR",03-JUN-11,1
"AV2","PR",03-JUN-11,1
"AV3","PR",03-JUN-11,1
"AV4","PR",03-JUN-11,1
"AV5","PR",03-JUN-11,1
"AV6","PR",03-JUN-11,1
"AV7","PR",03-JUN-11,1
"AV8","PR",03-JUN-11,1
"AV9","PR",03-JUN-11,1
"AV10","PR",03-JUN-11,1
"AV11","PR",03-JUN-11,1
"AV12","PR",03-JUN-11,1
"AV13","PR",03-JUN-11,1
"AV14","PR",03-JUN-11,1
"AV15","PR",03-JUN-11,1
"AV16","PR",03-JUN-11,1
"AV17","PR",03-JUN-11,1
"AV18","PR",03-JUN-11,1
"AV19","PR",03-JUN-11,1
"AV20","PR",03-JUN-11,1
"AV21","PR",03-JUN-11,1
"AV22","PR",03-JUN-11,1
"AV23","PR",03-JUN-11,1
"AV24","PR",03-JUN-11,1
"AV25","PR",03-JUN-11,1
"AV26","PR",03-JUN-11,1
"AV27","PR",03-JUN-11,1
"AV28","PR",03-JUN-11,1
"AV29","PR",03-JUN-11,1
"AV30","PR",03-JUN-11,1
"AV31","PR",03-JUN-11,1
"AV32","PR",03-JUN-11,1
"AV33","PR",03-JUN-11,1
"AV34","PR",03-JUN-11,1
"AV35","PR",03-JUN-11,1
"AV36","PR",03-JUN-11,1
"AV37","PR",03-JUN-11,1
"AV38","PR",03-JUN-11,1
"AV39","PR",03-JUN-11,1
"AV40","PR",03-JUN-11,1
"AV41","PR",03-JUN-11,1
"AV42","PR",03-JUN-11,1
"AV43","PR",03-JUN-11,1
"AV44","PR",03-JUN-11,1
"AV45","PR",03-JUN-11,1
"AV46","PR",03-JUN-11,1
"AV47","PR",03-JUN-11,1
"AV48","PR",03-JUN-11,1
"AV49","PR",03-JUN-11,1
"AV50","PR",03-JUN-11,1
"AV51","PR",03-JUN-11,1
"AV52","PR",03-JUN-11,1
"AV53","PR",03-JUN-11,1
"AV54","PR",03-JUN-11,1
"AV55","PR",03-JUN-11,1
"AV56","PR",03-JUN-11,1
"AV57","PR",03-JUN-11,1
"AV58","PR",03-JUN-11,1
"AV59","PR",03-JUN-11,1
"AV60","PR",03-JUN-11,1
"AV61","PR",03-JUN-11,1
"AV62","PR",03-JUN-11,1
"AN18","PR",03-JUN-11,1
"AN19","PR",03-JUN-11,1
"AN20","PR",03-JUN-11,1
"AN21","PR",03-JUN-11,1
"AN22","PR",03-JUN-11,1
"AN23","PR",03-JUN-11,1
"AN24","PR",03-JUN-11,1
"AN25","PR",03-JUN-11,1
"AN26","PR",03-JUN-11,1
"AN27","PR",03-JUN-11,1
"AN28","PR",03-JUN-11,1
"AN29","PR",03-JUN-11,1
"AN30","PR",03-JUN-11,1
"AN31","PR",03-JUN-11,1
"AN32","PR",03-JUN-11,1
"AN33","PR",03-JUN-11,1
"AN34","PR",03-JUN-11,1
"AN35","PR",03-JUN-11,1
"AN36","PR",03-JUN-11,1
"AN37","PR",03-JUN-11,1
"AN38","PR",03-JUN-11,1
"AN39","PR",03-JUN-11,1
"AN40","PR",03-JUN-11,1
"AN41","PR",03-JUN-11,1
"AN42","PR",03-JUN-11,1
"AN43","PR",03-JUN-11,1
"AN44","PR",03-JUN-11,1
"AN45","PR",03-JUN-11,1
"AN46","PR",03-JUN-11,1
"AN47","PR",03-JUN-11,1
"AN48","PR",03-JUN-11,1
"AN49","PR",03-JUN-11,1
"AN50","PR",03-JUN-11,1
"AN51","PR",03-JUN-11,1
"AN52","PR",03-JUN-11,1
"AN53","PR",03-JUN-11,1
"AN54","PR",03-JUN-11,1
"AN55","PR",03-JUN-11,1
"AN56","PR",03-JUN-11,1
"AN57","PR",03-JUN-11,1
"AN58","PR",03-JUN-11,1
"AN59","PR",03-JUN-11,1
"AN60","PR",03-JUN-11,1
"AN61","PR",03-JUN-11,1
"AN62","PR",03-JUN-11,1
"AN63","PR",03-JUN-11,1
"AN64","PR",03-JUN-11,1
"AN65","PR",03-JUN-11,1
"AN66","PR",03-JUN-11,1
"AN67","PR",03-JUN-11,1
"AN68","PR",03-JUN-11,1
"AN69","PR",03-JUN-11,1
"AN70","PR",03-JUN-11,1
"AN71","PR",03-JUN-11,1
"AN72","PR",03-JUN-11,1
"AN73","PR",03-JUN-11,1
"AN74","PR",03-JUN-11,1
"AN75","PR",03-JUN-11,1
"AN76","PR",03-JUN-11,1
"AN77","PR",03-JUN-11,1
"AN78","PR",03-JUN-11,1
"AN79","PR",03-JUN-11,1
"AF33","PR",03-JUN-11,1
"AF34","PR",03-JUN-11,1
"AF35","PR",03-JUN-11,1
"AF36","PR",03-JUN-11,1
"AF37","PR",03-JUN-11,1
"AF38","PR",03-JUN-11,1
"AF39","PR",03-JUN-11,1
"AF40","PR",03-JUN-11,1
"AF41","PR",03-JUN-11,1
"AF42","PR",03-JUN-11,1
"AF43","PR",03-JUN-11,1
"AF44","PR",03-JUN-11,1
"AF45","PR",03-JUN-11,1
"AF46","PR",03-JUN-11,1
"AF47","PR",03-JUN-11,1
"AF48","PR",03-JUN-11,1
"AF49","PR",03-JUN-11,1
"AF50","PR",03-JUN-11,1
"AF51","PR",03-JUN-11,1
"AF52","PR",03-JUN-11,1
"AF53","PR",03-JUN-11,1
"AF54","PR",03-JUN-11,1
"AF55","PR",03-JUN-11,1
"AF56","PR",03-JUN-11,1
"AF57","PR",03-JUN-11,1
"AF58","PR",03-JUN-11,1
"AF59","PR",03-JUN-11,1
"AF60","PR",03-JUN-11,1
"AF61","PR",03-JUN-11,1
"AF62","PR",03-JUN-11,1
"AF63","PR",03-JUN-11,1
"AF64","PR",03-JUN-11,1
"AF65","PR",03-JUN-11,1
"AF66","PR",03-JUN-11,1
"AF67","PR",03-JUN-11,1
"AF68","PR",03-JUN-11,1
"AF69","PR",03-JUN-11,1
"AF70","PR",03-JUN-11,1
"AF71","PR",03-JUN-11,1
"AF72","PR",03-JUN-11,1
"AF73","PR",03-JUN-11,1
"AF74","PR",03-JUN-11,1
"AF75","PR",03-JUN-11,1
"AF76","PR",03-JUN-11,1
"AF77","PR",03-JUN-11,1
"AF78","PR",03-JUN-11,1
"AF79","PR",03-JUN-11,1
"AF80","PR",03-JUN-11,1
"AF81","PR",03-JUN-11,1
"AE1","PR",03-JUN-11,1
"AE2","PR",03-JUN-11,1
"AE3","PR",03-JUN-11,1
"AE4","PR",03-JUN-11,1
"AE5","PR",03-JUN-11,1
"AE6","PR",03-JUN-11,1
"AE7","PR",03-JUN-11,1
"AE8","PR",03-JUN-11,1
"AE9","PR",03-JUN-11,1
"AE10","PR",03-JUN-11,1
"AE11","PR",03-JUN-11,1
"AE12","PR",03-JUN-11,1
"AE13","PR",03-JUN-11,1
"AE14","PR",03-JUN-11,1
"J74","PR",03-JUN-11,1
"J75","PR",03-JUN-11,1
"J76","PR",03-JUN-11,1
"J77","PR",03-JUN-11,1
"J78","PR",03-JUN-11,1
"J79","PR",03-JUN-11,1
"J8","PR",03-JUN-11,1
"J80","PR",03-JUN-11,1
"J81","PR",03-JUN-11,1
"J9","PR",03-JUN-11,1
"K1","PR",03-JUN-11,1
"K10","PR",03-JUN-11,1
"K11","PR",03-JUN-11,1
"K12","PR",03-JUN-11,1
"K13","PR",03-JUN-11,1
"K14","PR",03-JUN-11,1
"K15","PR",03-JUN-11,1
"K16","PR",03-JUN-11,1
"K17","PR",03-JUN-11,1
"K18","PR",03-JUN-11,1
"K19","PR",03-JUN-11,1
"K2","PR",03-JUN-11,1
"K20","PR",03-JUN-11,1
"K21","PR",03-JUN-11,1
"K22","PR",03-JUN-11,1
"K23","PR",03-JUN-11,1
"K24","PR",03-JUN-11,1
"K25","PR",03-JUN-11,1
"AV63","PR",03-JUN-11,1
"AV64","PR",03-JUN-11,1
"AV65","PR",03-JUN-11,1
"AV66","PR",03-JUN-11,1
"AV67","PR",03-JUN-11,1
"AV68","PR",03-JUN-11,1
"AV69","PR",03-JUN-11,1
"AV70","PR",03-JUN-11,1
"AV71","PR",03-JUN-11,1
"AV72","PR",03-JUN-11,1
"AV73","PR",03-JUN-11,1
"AV74","PR",03-JUN-11,1
"AV76","PR",03-JUN-11,1
"AV77","PR",03-JUN-11,1
"AV78","PR",03-JUN-11,1
"AV79","PR",03-JUN-11,1
"AV80","PR",03-JUN-11,1
"AV81","PR",03-JUN-11,1
"AU1","PR",03-JUN-11,1
"AU2","PR",03-JUN-11,1
"AU3","PR",03-JUN-11,1
"AU4","PR",03-JUN-11,1
"AU5","PR",03-JUN-11,1
"AU6","PR",03-JUN-11,1
"AU7","PR",03-JUN-11,1
"AU8","PR",03-JUN-11,1
"AU9","PR",03-JUN-11,1
"AU10","PR",03-JUN-11,1
"X63","PR",03-JUN-11,1
"X64","PR",03-JUN-11,1
"X65","PR",03-JUN-11,1
"X66","PR",03-JUN-11,1
"X67","PR",03-JUN-11,1
"X68","PR",03-JUN-11,1
"X69","PR",03-JUN-11,1
"X70","PR",03-JUN-11,1
"X71","PR",03-JUN-11,1
"X72","PR",03-JUN-11,1
"X73","PR",03-JUN-11,1
"X74","PR",03-JUN-11,1
"X75","PR",03-JUN-11,1
"X76","PR",03-JUN-11,1
"X77","PR",03-JUN-11,1
"X78","PR",03-JUN-11,1
"X79","PR",03-JUN-11,1
"X80","PR",03-JUN-11,1
"X81","PR",03-JUN-11,1
"W1","PR",03-JUN-11,1
"W2","PR",03-JUN-11,1
"W3","PR",03-JUN-11,1
"W4","PR",03-JUN-11,1
"W5","PR",03-JUN-11,1
"W6","PR",03-JUN-11,1
"W7","PR",03-JUN-11,1
"W8","PR",03-JUN-11,1
"W9","PR",03-JUN-11,1
"W10","PR",03-JUN-11,1
"W11","PR",03-JUN-11,1
"W12","PR",03-JUN-11,1
"W13","PR",03-JUN-11,1
"W14","PR",03-JUN-11,1
"W15","PR",03-JUN-11,1
"W16","PR",03-JUN-11,1
"W17","PR",03-JUN-11,1
"W18","PR",03-JUN-11,1
"W19","PR",03-JUN-11,1
"W20","PR",03-JUN-11,1
"W21","PR",03-JUN-11,1
"W22","PR",03-JUN-11,1
"W23","PR",03-JUN-11,1
"W24","PR",03-JUN-11,1
"W25","PR",03-JUN-11,1
"AU11","PR",03-JUN-11,1
"AU12","PR",03-JUN-11,1
"AU13","PR",03-JUN-11,1
"AU14","PR",03-JUN-11,1
"AU15","PR",03-JUN-11,1
"AU16","PR",03-JUN-11,1
"AU17","PR",03-JUN-11,1
"AU18","PR",03-JUN-11,1
"AU19","PR",03-JUN-11,1
"AU20","PR",03-JUN-11,1
"AU21","PR",03-JUN-11,1
"AU22","PR",03-JUN-11,1
"AU23","PR",03-JUN-11,1
"AU24","PR",03-JUN-11,1
"AU25","PR",03-JUN-11,1
"AU26","PR",03-JUN-11,1
"AU27","PR",03-JUN-11,1
"AU28","PR",03-JUN-11,1
"AU29","PR",03-JUN-11,1
"W60","PR",03-JUN-11,1
"W61","PR",03-JUN-11,1
"W62","PR",03-JUN-11,1
"W63","PR",03-JUN-11,1
"W64","PR",03-JUN-11,1
"W65","PR",03-JUN-11,1
"W66","PR",03-JUN-11,1
"W67","PR",03-JUN-11,1
"W68","PR",03-JUN-11,1
"W69","PR",03-JUN-11,1
"W70","PR",03-JUN-11,1
"W71","PR",03-JUN-11,1
"W72","PR",03-JUN-11,1
"W73","PR",03-JUN-11,1
"W74","PR",03-JUN-11,1
"W75","PR",03-JUN-11,1
"W76","PR",03-JUN-11,1
"W77","PR",03-JUN-11,1
"W78","PR",03-JUN-11,1
"W79","PR",03-JUN-11,1
"W80","PR",03-JUN-11,1
"W81","PR",03-JUN-11,1
"V1","PR",03-JUN-11,1
"V2","PR",03-JUN-11,1
"V3","PR",03-JUN-11,1
"AV75","PR",03-JUN-11,1
"AU30","PR",03-JUN-11,1
"AU31","PR",03-JUN-11,1
"AU32","PR",03-JUN-11,1
"AU33","PR",03-JUN-11,1
"AU34","PR",03-JUN-11,1
"AU35","PR",03-JUN-11,1
"AU36","PR",03-JUN-11,1
"AU37","PR",03-JUN-11,1
"AU38","PR",03-JUN-11,1
"AU39","PR",03-JUN-11,1
"AU40","PR",03-JUN-11,1
"AU41","PR",03-JUN-11,1
"AU42","PR",03-JUN-11,1
"AU43","PR",03-JUN-11,1
"AU44","PR",03-JUN-11,1
"AU45","PR",03-JUN-11,1
"AU46","PR",03-JUN-11,1
"AU47","PR",03-JUN-11,1
"AU48","PR",03-JUN-11,1
"AU49","PR",03-JUN-11,1
"AU50","PR",03-JUN-11,1
"AU51","PR",03-JUN-11,1
"AU52","PR",03-JUN-11,1
"AU53","PR",03-JUN-11,1
"AU54","PR",03-JUN-11,1
"AU55","PR",03-JUN-11,1
"AU56","PR",03-JUN-11,1
"AU57","PR",03-JUN-11,1
"AU58","PR",03-JUN-11,1
"AU59","PR",03-JUN-11,1
"AU60","PR",03-JUN-11,1
"AU61","PR",03-JUN-11,1
"AU62","PR",03-JUN-11,1
"AU63","PR",03-JUN-11,1
"AU64","PR",03-JUN-11,1
"AU65","PR",03-JUN-11,1
"AU66","PR",03-JUN-11,1
"AU67","PR",03-JUN-11,1
"AU68","PR",03-JUN-11,1
"AU69","PR",03-JUN-11,1
"AU70","PR",03-JUN-11,1
"AU71","PR",03-JUN-11,1
"AU72","PR",03-JUN-11,1
"AU73","PR",03-JUN-11,1
"AU74","PR",03-JUN-11,1
"AU75","PR",03-JUN-11,1
"AU76","PR",03-JUN-11,1
"AU77","PR",03-JUN-11,1
"AU78","PR",03-JUN-11,1
"AU79","PR",03-JUN-11,1
"AU80","PR",03-JUN-11,1
"AT1","PR",03-JUN-11,1
"AT2","PR",03-JUN-11,1
"AT3","PR",03-JUN-11,1
"AT4","PR",03-JUN-11,1
"AT5","PR",03-JUN-11,1
"AT6","PR",03-JUN-11,1
"AT7","PR",03-JUN-11,1
"AT8","PR",03-JUN-11,1
"AT9","PR",03-JUN-11,1
"AT10","PR",03-JUN-11,1
"AT11","PR",03-JUN-11,1
"AT12","PR",03-JUN-11,1
"AT13","PR",03-JUN-11,1
"AT14","PR",03-JUN-11,1
"AT15","PR",03-JUN-11,1
"AT16","PR",03-JUN-11,1
"AT17","PR",03-JUN-11,1
"AT18","PR",03-JUN-11,1
"AT19","PR",03-JUN-11,1
"AT20","PR",03-JUN-11,1
"AT21","PR",03-JUN-11,1
"AT22","PR",03-JUN-11,1
"AT23","PR",03-JUN-11,1
"AT24","PR",03-JUN-11,1
"AT25","PR",03-JUN-11,1
"AT26","PR",03-JUN-11,1
"AT27","PR",03-JUN-11,1
"AT28","PR",03-JUN-11,1
"AT29","PR",03-JUN-11,1
"AT30","PR",03-JUN-11,1
"AT31","PR",03-JUN-11,1
"AT32","PR",03-JUN-11,1
"AT33","PR",03-JUN-11,1
"AT34","PR",03-JUN-11,1
"AT35","PR",03-JUN-11,1
"AT36","PR",03-JUN-11,1
"AT37","PR",03-JUN-11,1
"AT38","PR",03-JUN-11,1
"AT39","PR",03-JUN-11,1
"AT40","PR",03-JUN-11,1
"AT41","PR",03-JUN-11,1
"AT42","PR",03-JUN-11,1
"AT43","PR",03-JUN-11,1
"AT44","PR",03-JUN-11,1
"AT45","PR",03-JUN-11,1
"AT46","PR",03-JUN-11,1
"AT47","PR",03-JUN-11,1
"AT48","PR",03-JUN-11,1
"AT49","PR",03-JUN-11,1
"AT50","PR",03-JUN-11,1
"AT51","PR",03-JUN-11,1
"AT52","PR",03-JUN-11,1
"AT53","PR",03-JUN-11,1
"AT54","PR",03-JUN-11,1
"AT55","PR",03-JUN-11,1
"AT56","PR",03-JUN-11,1
"AT57","PR",03-JUN-11,1
"AT58","PR",03-JUN-11,1
"AT59","PR",03-JUN-11,1
"AT60","PR",03-JUN-11,1
"AT61","PR",03-JUN-11,1
"AT62","PR",03-JUN-11,1
"AT63","PR",03-JUN-11,1
"AT64","PR",03-JUN-11,1
"AT65","PR",03-JUN-11,1
"AT66","PR",03-JUN-11,1
"AT67","PR",03-JUN-11,1
"AT68","PR",03-JUN-11,1
"AT69","PR",03-JUN-11,1
"AT70","PR",03-JUN-11,1
"AT71","PR",03-JUN-11,1
"AT72","PR",03-JUN-11,1
"AT73","PR",03-JUN-11,1
"AT74","PR",03-JUN-11,1
"AT75","PR",03-JUN-11,1
"AT76","PR",03-JUN-11,1
"AT77","PR",03-JUN-11,1
"AT78","PR",03-JUN-11,1
"AT79","PR",03-JUN-11,1
"AT80","PR",03-JUN-11,1
"AS1","PR",03-JUN-11,1
"AS2","PR",03-JUN-11,1
"AS3","PR",03-JUN-11,1
"AS4","PR",03-JUN-11,1
"AS5","PR",03-JUN-11,1
"AS6","PR",03-JUN-11,1
"AS7","PR",03-JUN-11,1
"AS8","PR",03-JUN-11,1
"AS9","PR",03-JUN-11,1
"AS10","PR",03-JUN-11,1
"AS11","PR",03-JUN-11,1
"AS12","PR",03-JUN-11,1
"AS13","PR",03-JUN-11,1
"AS14","PR",03-JUN-11,1
"AS15","PR",03-JUN-11,1
"AS16","PR",03-JUN-11,1
"AS17","PR",03-JUN-11,1
"AS18","PR",03-JUN-11,1
"AS19","PR",03-JUN-11,1
"AS20","PR",03-JUN-11,1
"AS21","PR",03-JUN-11,1
"AS22","PR",03-JUN-11,1
"AS23","PR",03-JUN-11,1
"AS24","PR",03-JUN-11,1
"AS25","PR",03-JUN-11,1
"AS26","PR",03-JUN-11,1
"AS27","PR",03-JUN-11,1
"AS28","PR",03-JUN-11,1
"AS29","PR",03-JUN-11,1
"AS30","PR",03-JUN-11,1
"AS31","PR",03-JUN-11,1
"AS32","PR",03-JUN-11,1
"AS33","PR",03-JUN-11,1
"AS34","PR",03-JUN-11,1
"AS35","PR",03-JUN-11,1
"AS36","PR",03-JUN-11,1
"AS37","PR",03-JUN-11,1
"AS38","PR",03-JUN-11,1
"AS39","PR",03-JUN-11,1
"AS40","PR",03-JUN-11,1
"AS41","PR",03-JUN-11,1
"AS42","PR",03-JUN-11,1
"AS43","PR",03-JUN-11,1
"AS44","PR",03-JUN-11,1
"AS45","PR",03-JUN-11,1
"AS46","PR",03-JUN-11,1
"AS47","PR",03-JUN-11,1
"AS48","PR",03-JUN-11,1
"AS49","PR",03-JUN-11,1
"AS50","PR",03-JUN-11,1
"AS51","PR",03-JUN-11,1
"AS52","PR",03-JUN-11,1
"AS53","PR",03-JUN-11,1
"AS54","PR",03-JUN-11,1
"AS55","PR",03-JUN-11,1
"AS56","PR",03-JUN-11,1
"AS57","PR",03-JUN-11,1
"AS58","PR",03-JUN-11,1
"AS59","PR",03-JUN-11,1
"AS60","PR",03-JUN-11,1
"AS61","PR",03-JUN-11,1
"AS62","PR",03-JUN-11,1
"AS63","PR",03-JUN-11,1
"AS64","PR",03-JUN-11,1
"AS65","PR",03-JUN-11,1
"AS66","PR",03-JUN-11,1
"AS67","PR",03-JUN-11,1
"AS68","PR",03-JUN-11,1
"AS69","PR",03-JUN-11,1
"AS70","PR",03-JUN-11,1
"AS71","PR",03-JUN-11,1
"AS72","PR",03-JUN-11,1
"AS73","PR",03-JUN-11,1
"AS74","PR",03-JUN-11,1
"AS75","PR",03-JUN-11,1
"AS76","PR",03-JUN-11,1
"AS77","PR",03-JUN-11,1
"AS78","PR",03-JUN-11,1
"AS79","PR",03-JUN-11,1
"AS80","PR",03-JUN-11,1
"AR1","PR",03-JUN-11,1
"AR2","PR",03-JUN-11,1
"AR3","PR",03-JUN-11,1
"AR4","PR",03-JUN-11,1
"AR5","PR",03-JUN-11,1
"M26","PR",03-JUN-11,1
"M27","PR",03-JUN-11,1
"M28","PR",03-JUN-11,1
"M29","PR",03-JUN-11,1
"M3","PR",03-JUN-11,1
"M30","PR",03-JUN-11,1
"M31","PR",03-JUN-11,1
"M32","PR",03-JUN-11,1
"M33","PR",03-JUN-11,1
"M34","PR",03-JUN-11,1
"M35","PR",03-JUN-11,1
"M36","PR",03-JUN-11,1
"M37","PR",03-JUN-11,1
"M38","PR",03-JUN-11,1
"M39","PR",03-JUN-11,1
"M4","PR",03-JUN-11,1
"M40","PR",03-JUN-11,1
"M41","PR",03-JUN-11,1
"M42","PR",03-JUN-11,1
"M43","PR",03-JUN-11,1
"M44","PR",03-JUN-11,1
"M45","PR",03-JUN-11,1
"M46","PR",03-JUN-11,1
"M47","PR",03-JUN-11,1
"M48","PR",03-JUN-11,1
"M49","PR",03-JUN-11,1
"M5","PR",03-JUN-11,1
"M50","PR",03-JUN-11,1
"AO68","PR",03-JUN-11,1
"AO69","PR",03-JUN-11,1
"AO70","PR",03-JUN-11,1
"AO71","PR",03-JUN-11,1
"AO72","PR",03-JUN-11,1
"AO73","PR",03-JUN-11,1
"AO74","PR",03-JUN-11,1
"AO75","PR",03-JUN-11,1
"AO76","PR",03-JUN-11,1
"AO77","PR",03-JUN-11,1
"AO78","PR",03-JUN-11,1
"AO79","PR",03-JUN-11,1
"AO80","PR",03-JUN-11,1
"AN1","PR",03-JUN-11,1
"AN2","PR",03-JUN-11,1
"AN3","PR",03-JUN-11,1
"AN4","PR",03-JUN-11,1
"AL41","PR",03-JUN-11,1
"AL42","PR",03-JUN-11,1
"AL43","PR",03-JUN-11,1
"AL44","PR",03-JUN-11,1
"AL45","PR",03-JUN-11,1
"AL46","PR",03-JUN-11,1
"AL47","PR",03-JUN-11,1
"AL48","PR",03-JUN-11,1
"AL49","PR",03-JUN-11,1
"AL50","PR",03-JUN-11,1
"AL51","PR",03-JUN-11,1
"AL52","PR",03-JUN-11,1
"AL53","PR",03-JUN-11,1
"AL54","PR",03-JUN-11,1
"AL55","PR",03-JUN-11,1
"AL56","PR",03-JUN-11,1
"AL57","PR",03-JUN-11,1
"AL58","PR",03-JUN-11,1
"AL59","PR",03-JUN-11,1
"AL60","PR",03-JUN-11,1
"AL61","PR",03-JUN-11,1
"AL62","PR",03-JUN-11,1
"AL63","PR",03-JUN-11,1
"AL64","PR",03-JUN-11,1
"AL65","PR",03-JUN-11,1
"AL66","PR",03-JUN-11,1
"AL67","PR",03-JUN-11,1
"AL68","PR",03-JUN-11,1
"AL69","PR",03-JUN-11,1
"AL70","PR",03-JUN-11,1
"AL71","PR",03-JUN-11,1
"AL72","PR",03-JUN-11,1
"AL73","PR",03-JUN-11,1
"AL74","PR",03-JUN-11,1
"AL75","PR",03-JUN-11,1
"AL76","PR",03-JUN-11,1
"AL77","PR",03-JUN-11,1
"AL78","PR",03-JUN-11,1
"AL79","PR",03-JUN-11,1
"AL80","PR",03-JUN-11,1
"AL81","PR",03-JUN-11,1
"AK1","PR",03-JUN-11,1
"AK2","PR",03-JUN-11,1
"AK3","PR",03-JUN-11,1
"AK4","PR",03-JUN-11,1
"AK5","PR",03-JUN-11,1
"AK6","PR",03-JUN-11,1
"AK7","PR",03-JUN-11,1
"AK8","PR",03-JUN-11,1
"AK9","PR",03-JUN-11,1
"AK10","PR",03-JUN-11,1
"AK11","PR",03-JUN-11,1
"AK12","PR",03-JUN-11,1
"AK13","PR",03-JUN-11,1
"AK14","PR",03-JUN-11,1
"AK15","PR",03-JUN-11,1
"AK16","PR",03-JUN-11,1
"AK17","PR",03-JUN-11,1
"AK18","PR",03-JUN-11,1
"AK19","PR",03-JUN-11,1
"AK20","PR",03-JUN-11,1
"AK21","PR",03-JUN-11,1
"AK22","PR",03-JUN-11,1
"AK23","PR",03-JUN-11,1
"AK24","PR",03-JUN-11,1
"AK25","PR",03-JUN-11,1
"AK26","PR",03-JUN-11,1
"AK27","PR",03-JUN-11,1
"AK28","PR",03-JUN-11,1
"AK29","PR",03-JUN-11,1
"AK30","PR",03-JUN-11,1
"AK31","PR",03-JUN-11,1
"AK32","PR",03-JUN-11,1
"AK33","PR",03-JUN-11,1
"AK34","PR",03-JUN-11,1
"AK35","PR",03-JUN-11,1
"AK36","PR",03-JUN-11,1
"AK37","PR",03-JUN-11,1
"AK38","PR",03-JUN-11,1
"AK39","PR",03-JUN-11,1
"AK40","PR",03-JUN-11,1
"AK41","PR",03-JUN-11,1
"AK42","PR",03-JUN-11,1
"AK43","PR",03-JUN-11,1
"AK44","PR",03-JUN-11,1
"AK45","PR",03-JUN-11,1
"AK46","PR",03-JUN-11,1
"AK47","PR",03-JUN-11,1
"AK48","PR",03-JUN-11,1
"AK49","PR",03-JUN-11,1
"AK50","PR",03-JUN-11,1
"AK51","PR",03-JUN-11,1
"AK52","PR",03-JUN-11,1
"AK53","PR",03-JUN-11,1
"AK54","PR",03-JUN-11,1
"AK55","PR",03-JUN-11,1
"AK56","PR",03-JUN-11,1
"AK57","PR",03-JUN-11,1
"AK58","PR",03-JUN-11,1
"AK59","PR",03-JUN-11,1
"AK60","PR",03-JUN-11,1
"AK61","PR",03-JUN-11,1
"AK62","PR",03-JUN-11,1
"AK63","PR",03-JUN-11,1
"AK64","PR",03-JUN-11,1
"AK65","PR",03-JUN-11,1
"AK66","PR",03-JUN-11,1
"AK67","PR",03-JUN-11,1
"AK68","PR",03-JUN-11,1
"AK69","PR",03-JUN-11,1
"AK70","PR",03-JUN-11,1
"AK71","PR",03-JUN-11,1
"AK72","PR",03-JUN-11,1
"AK73","PR",03-JUN-11,1
"AK74","PR",03-JUN-11,1
"AK75","PR",03-JUN-11,1
"AK76","PR",03-JUN-11,1
"AK77","PR",03-JUN-11,1
"AK78","PR",03-JUN-11,1
"AK79","PR",03-JUN-11,1
"AK80","PR",03-JUN-11,1
"AK81","PR",03-JUN-11,1
"AJ1","PR",03-JUN-11,1
"AJ2","PR",03-JUN-11,1
"AJ3","PR",03-JUN-11,1
"AJ4","PR",03-JUN-11,1
"AJ5","PR",03-JUN-11,1
"AJ6","PR",03-JUN-11,1
"AJ7","PR",03-JUN-11,1
"AJ8","PR",03-JUN-11,1
"AJ9","PR",03-JUN-11,1
"AJ10","PR",03-JUN-11,1
"AJ11","PR",03-JUN-11,1
"AJ12","PR",03-JUN-11,1
"AJ13","PR",03-JUN-11,1
"AJ14","PR",03-JUN-11,1
"AJ15","PR",03-JUN-11,1
"AJ16","PR",03-JUN-11,1
"AJ17","PR",03-JUN-11,1
"AJ18","PR",03-JUN-11,1
"AJ19","PR",03-JUN-11,1
"AJ20","PR",03-JUN-11,1
"AJ21","PR",03-JUN-11,1
"AJ22","PR",03-JUN-11,1
"AJ23","PR",03-JUN-11,1
"AJ24","PR",03-JUN-11,1
"AJ25","PR",03-JUN-11,1
"AJ26","PR",03-JUN-11,1
"AJ27","PR",03-JUN-11,1
"AJ28","PR",03-JUN-11,1
"AJ29","PR",03-JUN-11,1
"AJ30","PR",03-JUN-11,1
"AJ31","PR",03-JUN-11,1
"AJ32","PR",03-JUN-11,1
"AJ33","PR",03-JUN-11,1
"AJ34","PR",03-JUN-11,1
"AJ35","PR",03-JUN-11,1
"AJ36","PR",03-JUN-11,1
"AJ37","PR",03-JUN-11,1
"AJ38","PR",03-JUN-11,1
"AJ39","PR",03-JUN-11,1
"AJ40","PR",03-JUN-11,1
"AJ41","PR",03-JUN-11,1
"AJ42","PR",03-JUN-11,1
"AJ43","PR",03-JUN-11,1
"AJ44","PR",03-JUN-11,1
"AJ45","PR",03-JUN-11,1
"AJ46","PR",03-JUN-11,1
"AJ47","PR",03-JUN-11,1
"AJ48","PR",03-JUN-11,1
"AJ49","PR",03-JUN-11,1
"AJ50","PR",03-JUN-11,1
"AJ51","PR",03-JUN-11,1
"AJ52","PR",03-JUN-11,1
"AJ53","PR",03-JUN-11,1
"AJ54","PR",03-JUN-11,1
"AJ55","PR",03-JUN-11,1
"AJ56","PR",03-JUN-11,1
"AJ57","PR",03-JUN-11,1
"AJ58","PR",03-JUN-11,1
"AJ59","PR",03-JUN-11,1
"AJ60","PR",03-JUN-11,1
"AJ61","PR",03-JUN-11,1
"AJ62","PR",03-JUN-11,1
"AJ63","PR",03-JUN-11,1
"AJ64","PR",03-JUN-11,1
"AJ65","PR",03-JUN-11,1
"AJ66","PR",03-JUN-11,1
"AJ67","PR",03-JUN-11,1
"AJ68","PR",03-JUN-11,1
"AJ69","PR",03-JUN-11,1
"AJ70","PR",03-JUN-11,1
"AJ71","PR",03-JUN-11,1
"AJ72","PR",03-JUN-11,1
"AJ73","PR",03-JUN-11,1
"AJ74","PR",03-JUN-11,1
"AJ75","PR",03-JUN-11,1
"AJ76","PR",03-JUN-11,1
"AJ77","PR",03-JUN-11,1
"AJ78","PR",03-JUN-11,1
"AJ79","PR",03-JUN-11,1
"AJ80","PR",03-JUN-11,1
"AJ81","PR",03-JUN-11,1
"AI1","PR",03-JUN-11,1
"AI2","PR",03-JUN-11,1
"AI3","PR",03-JUN-11,1
"AI4","PR",03-JUN-11,1
"AI5","PR",03-JUN-11,1
"AI6","PR",03-JUN-11,1
"AI7","PR",03-JUN-11,1
"AI8","PR",03-JUN-11,1
"AI9","PR",03-JUN-11,1
"AI10","PR",03-JUN-11,1
"AI11","PR",03-JUN-11,1
"AI12","PR",03-JUN-11,1
"AI13","PR",03-JUN-11,1
"AI14","PR",03-JUN-11,1
"AI15","PR",03-JUN-11,1
"AI16","PR",03-JUN-11,1
"AI17","PR",03-JUN-11,1
"AI18","PR",03-JUN-11,1
"AI19","PR",03-JUN-11,1
"AI20","PR",03-JUN-11,1
"AI21","PR",03-JUN-11,1
"AI22","PR",03-JUN-11,1
"AI23","PR",03-JUN-11,1
"AI24","PR",03-JUN-11,1
"AI25","PR",03-JUN-11,1
"AI26","PR",03-JUN-11,1
"AI27","PR",03-JUN-11,1
"AI28","PR",03-JUN-11,1
"AI29","PR",03-JUN-11,1
"AI30","PR",03-JUN-11,1
"AI31","PR",03-JUN-11,1
"AI32","PR",03-JUN-11,1
"AI33","PR",03-JUN-11,1
"AI34","PR",03-JUN-11,1
"AI35","PR",03-JUN-11,1
"AI36","PR",03-JUN-11,1
"AI37","PR",03-JUN-11,1
"AI38","PR",03-JUN-11,1
"AI39","PR",03-JUN-11,1
"AI40","PR",03-JUN-11,1
"AI41","PR",03-JUN-11,1
"AI42","PR",03-JUN-11,1
"AI43","PR",03-JUN-11,1
"AI44","PR",03-JUN-11,1
"AI45","PR",03-JUN-11,1
"AI46","PR",03-JUN-11,1
"AI47","PR",03-JUN-11,1
"AI48","PR",03-JUN-11,1
"AI49","PR",03-JUN-11,1
"AI50","PR",03-JUN-11,1
"AI51","PR",03-JUN-11,1
"AI52","PR",03-JUN-11,1
"AI53","PR",03-JUN-11,1
"AI54","PR",03-JUN-11,1
"AI55","PR",03-JUN-11,1
"AI56","PR",03-JUN-11,1
"AI57","PR",03-JUN-11,1
"AI58","PR",03-JUN-11,1
"AI59","PR",03-JUN-11,1
"AI60","PR",03-JUN-11,1
"AI61","PR",03-JUN-11,1
"AI62","PR",03-JUN-11,1
"AI63","PR",03-JUN-11,1
"AI64","PR",03-JUN-11,1
"AI65","PR",03-JUN-11,1
"AI66","PR",03-JUN-11,1
"AI67","PR",03-JUN-11,1
"AI68","PR",03-JUN-11,1
"AI69","PR",03-JUN-11,1
"AI70","PR",03-JUN-11,1
"AI71","PR",03-JUN-11,1
"AI72","PR",03-JUN-11,1
"AI73","PR",03-JUN-11,1
"AI74","PR",03-JUN-11,1
"AI75","PR",03-JUN-11,1
"AI76","PR",03-JUN-11,1
"AI77","PR",03-JUN-11,1
"AI78","PR",03-JUN-11,1
"AI79","PR",03-JUN-11,1
"AI80","PR",03-JUN-11,1
"AI81","PR",03-JUN-11,1
"AH1","PR",03-JUN-11,1
"AH2","PR",03-JUN-11,1
"AH3","PR",03-JUN-11,1
"AH4","PR",03-JUN-11,1
"AH5","PR",03-JUN-11,1
"AH6","PR",03-JUN-11,1
"AH7","PR",03-JUN-11,1
"AH8","PR",03-JUN-11,1
"AH9","PR",03-JUN-11,1
"AH10","PR",03-JUN-11,1
"AH11","PR",03-JUN-11,1
"AH12","PR",03-JUN-11,1
"AH13","PR",03-JUN-11,1
"AH14","PR",03-JUN-11,1
"AH15","PR",03-JUN-11,1
"AH16","PR",03-JUN-11,1
"AH17","PR",03-JUN-11,1
"AH18","PR",03-JUN-11,1
"AH19","PR",03-JUN-11,1
"AH20","PR",03-JUN-11,1
"AH21","PR",03-JUN-11,1
"AH22","PR",03-JUN-11,1
"AH23","PR",03-JUN-11,1
"AH24","PR",03-JUN-11,1
"AH25","PR",03-JUN-11,1
"AH26","PR",03-JUN-11,1
"AH27","PR",03-JUN-11,1
"AH28","PR",03-JUN-11,1
"AH29","PR",03-JUN-11,1
"AH30","PR",03-JUN-11,1
"AH31","PR",03-JUN-11,1
"AH32","PR",03-JUN-11,1
"AH33","PR",03-JUN-11,1
"AH34","PR",03-JUN-11,1
"AH35","PR",03-JUN-11,1
"AH36","PR",03-JUN-11,1
"AH37","PR",03-JUN-11,1
"AH38","PR",03-JUN-11,1
"AH39","PR",03-JUN-11,1
"AH40","PR",03-JUN-11,1
"AH41","PR",03-JUN-11,1
"AH42","PR",03-JUN-11,1
"AH43","PR",03-JUN-11,1
"AH44","PR",03-JUN-11,1
"AH45","PR",03-JUN-11,1
"AH46","PR",03-JUN-11,1
"AH47","PR",03-JUN-11,1
"AH48","PR",03-JUN-11,1
"AH49","PR",03-JUN-11,1
"AH50","PR",03-JUN-11,1
"AH51","PR",03-JUN-11,1
"AH52","PR",03-JUN-11,1
"AH53","PR",03-JUN-11,1
"AH54","PR",03-JUN-11,1
"AH55","PR",03-JUN-11,1
"AH56","PR",03-JUN-11,1
"AH57","PR",03-JUN-11,1
"AH58","PR",03-JUN-11,1
"AH59","PR",03-JUN-11,1
"AH60","PR",03-JUN-11,1
"AH61","PR",03-JUN-11,1
"AH62","PR",03-JUN-11,1
"AH63","PR",03-JUN-11,1
"AH64","PR",03-JUN-11,1
"AH65","PR",03-JUN-11,1
"AH66","PR",03-JUN-11,1
"AH67","PR",03-JUN-11,1
"AH68","PR",03-JUN-11,1
"AH69","PR",03-JUN-11,1
"AH70","PR",03-JUN-11,1
"AH71","PR",03-JUN-11,1
"AH72","PR",03-JUN-11,1
"AH73","PR",03-JUN-11,1
"AH74","PR",03-JUN-11,1
"AH75","PR",03-JUN-11,1
"AH76","PR",03-JUN-11,1
"AH77","PR",03-JUN-11,1
"AH78","PR",03-JUN-11,1
"AH79","PR",03-JUN-11,1
"AH80","PR",03-JUN-11,1
"AG1","PR",03-JUN-11,1
"AG2","PR",03-JUN-11,1
"AG3","PR",03-JUN-11,1
"AG4","PR",03-JUN-11,1
"AG5","PR",03-JUN-11,1
"AG6","PR",03-JUN-11,1
"AG7","PR",03-JUN-11,1
"AG8","PR",03-JUN-11,1
"AG9","PR",03-JUN-11,1
"AG10","PR",03-JUN-11,1
"AG11","PR",03-JUN-11,1
"AG12","PR",03-JUN-11,1
"AG13","PR",03-JUN-11,1
"AG14","PR",03-JUN-11,1
"AG15","PR",03-JUN-11,1
"AG16","PR",03-JUN-11,1
"AG17","PR",03-JUN-11,1
"AG18","PR",03-JUN-11,1
"AG19","PR",03-JUN-11,1
"AG20","PR",03-JUN-11,1
"AG21","PR",03-JUN-11,1
"AG22","PR",03-JUN-11,1
"AG23","PR",03-JUN-11,1
"AG24","PR",03-JUN-11,1
"AG25","PR",03-JUN-11,1
"AG26","PR",03-JUN-11,1
"AG27","PR",03-JUN-11,1
"AG28","PR",03-JUN-11,1
"AG29","PR",03-JUN-11,1
"AG30","PR",03-JUN-11,1
"AG31","PR",03-JUN-11,1
"AG32","PR",03-JUN-11,1
"AG33","PR",03-JUN-11,1
"AG34","PR",03-JUN-11,1
"AG35","PR",03-JUN-11,1
"AG36","PR",03-JUN-11,1
"AG37","PR",03-JUN-11,1
"AG38","PR",03-JUN-11,1
"AG39","PR",03-JUN-11,1
"AG40","PR",03-JUN-11,1
"AG41","PR",03-JUN-11,1
"AG42","PR",03-JUN-11,1
"AG43","PR",03-JUN-11,1
"AG44","PR",03-JUN-11,1
"AG45","PR",03-JUN-11,1
"AG46","PR",03-JUN-11,1
"AG47","PR",03-JUN-11,1
"AG48","PR",03-JUN-11,1
"AG49","PR",03-JUN-11,1
"AG50","PR",03-JUN-11,1
"AG51","PR",03-JUN-11,1
"AG52","PR",03-JUN-11,1
"AG53","PR",03-JUN-11,1
"AG54","PR",03-JUN-11,1
"AG55","PR",03-JUN-11,1
"AG56","PR",03-JUN-11,1
"AG57","PR",03-JUN-11,1
"AG58","PR",03-JUN-11,1
"AG59","PR",03-JUN-11,1
"AG60","PR",03-JUN-11,1
"AG61","PR",03-JUN-11,1
"AG62","PR",03-JUN-11,1
"AG63","PR",03-JUN-11,1
"AG64","PR",03-JUN-11,1
"AG65","PR",03-JUN-11,1
"AG66","PR",03-JUN-11,1
"AG67","PR",03-JUN-11,1
"AG68","PR",03-JUN-11,1
"AG69","PR",03-JUN-11,1
"AG70","PR",03-JUN-11,1
"AG71","PR",03-JUN-11,1
"AG72","PR",03-JUN-11,1
"AG73","PR",03-JUN-11,1
"AG74","PR",03-JUN-11,1
"AG75","PR",03-JUN-11,1
"AG76","PR",03-JUN-11,1
"AG77","PR",03-JUN-11,1
"AG78","PR",03-JUN-11,1
"AG79","PR",03-JUN-11,1
"AG80","PR",03-JUN-11,1
"AG81","PR",03-JUN-11,1
"AF1","PR",03-JUN-11,1
"AF2","PR",03-JUN-11,1
"AF3","PR",03-JUN-11,1
"AF4","PR",03-JUN-11,1
"AF5","PR",03-JUN-11,1
"AF6","PR",03-JUN-11,1
"AF7","PR",03-JUN-11,1
"AF8","PR",03-JUN-11,1
"AF9","PR",03-JUN-11,1
"AF10","PR",03-JUN-11,1
"AF11","PR",03-JUN-11,1
"AF12","PR",03-JUN-11,1
"AF13","PR",03-JUN-11,1
"AF14","PR",03-JUN-11,1
"AF15","PR",03-JUN-11,1
"AF16","PR",03-JUN-11,1
"AF17","PR",03-JUN-11,1
"AF18","PR",03-JUN-11,1
"AF19","PR",03-JUN-11,1
"AF20","PR",03-JUN-11,1
"AF21","PR",03-JUN-11,1
"AF22","PR",03-JUN-11,1
"AF23","PR",03-JUN-11,1
"AF24","PR",03-JUN-11,1
"AF25","PR",03-JUN-11,1
"AF26","PR",03-JUN-11,1
"AF27","PR",03-JUN-11,1
"AF28","PR",03-JUN-11,1
"AF29","PR",03-JUN-11,1
"AF30","PR",03-JUN-11,1
"AF31","PR",03-JUN-11,1
"AF32","PR",03-JUN-11,1
"AE15","PR",03-JUN-11,1
"AE16","PR",03-JUN-11,1
"AE17","PR",03-JUN-11,1
"AE18","PR",03-JUN-11,1
"AE19","PR",03-JUN-11,1
"AE20","PR",03-JUN-11,1
"AE21","PR",03-JUN-11,1
"AE22","PR",03-JUN-11,1
"AE23","PR",03-JUN-11,1
"AE24","PR",03-JUN-11,1
"AE25","PR",03-JUN-11,1
"AE26","PR",03-JUN-11,1
"AE27","PR",03-JUN-11,1
"AE28","PR",03-JUN-11,1
"AE29","PR",03-JUN-11,1
"AE30","PR",03-JUN-11,1
"AE31","PR",03-JUN-11,1
"AE32","PR",03-JUN-11,1
"AE33","PR",03-JUN-11,1
"AE34","PR",03-JUN-11,1
"AE35","PR",03-JUN-11,1
"AE36","PR",03-JUN-11,1
"AE37","PR",03-JUN-11,1
"AE38","PR",03-JUN-11,1
"AE39","PR",03-JUN-11,1
"AE40","PR",03-JUN-11,1
"AE41","PR",03-JUN-11,1
"AE42","PR",03-JUN-11,1
"AE43","PR",03-JUN-11,1
"AE44","PR",03-JUN-11,1
"AE45","PR",03-JUN-11,1
"AE46","PR",03-JUN-11,1
"AE47","PR",03-JUN-11,1
"AE48","PR",03-JUN-11,1
"AE49","PR",03-JUN-11,1
"AE50","PR",03-JUN-11,1
"AE51","PR",03-JUN-11,1
"AE52","PR",03-JUN-11,1
"AE53","PR",03-JUN-11,1
"AE54","PR",03-JUN-11,1
"AE55","PR",03-JUN-11,1
"AE56","PR",03-JUN-11,1
"AE57","PR",03-JUN-11,1
"AE58","PR",03-JUN-11,1
"AE59","PR",03-JUN-11,1
"AE60","PR",03-JUN-11,1
"AE61","PR",03-JUN-11,1
"AE62","PR",03-JUN-11,1
"AE63","PR",03-JUN-11,1
"AE64","PR",03-JUN-11,1
"AE65","PR",03-JUN-11,1
"AE66","PR",03-JUN-11,1
"AE67","PR",03-JUN-11,1
"AE68","PR",03-JUN-11,1
"AE69","PR",03-JUN-11,1
"AE70","PR",03-JUN-11,1
"AE71","PR",03-JUN-11,1
"AE72","PR",03-JUN-11,1
"AE73","PR",03-JUN-11,1
"AE74","PR",03-JUN-11,1
"AE75","PR",03-JUN-11,1
"AE76","PR",03-JUN-11,1
"AE77","PR",03-JUN-11,1
"AE78","PR",03-JUN-11,1
"AE79","PR",03-JUN-11,1
"AE80","PR",03-JUN-11,1
"AE81","PR",03-JUN-11,1
"AD1","PR",03-JUN-11,1
"AD2","PR",03-JUN-11,1
"AD3","PR",03-JUN-11,1
"AD4","PR",03-JUN-11,1
"AD5","PR",03-JUN-11,1
"AD6","PR",03-JUN-11,1
"AD7","PR",03-JUN-11,1
"AD8","PR",03-JUN-11,1
"AD9","PR",03-JUN-11,1
"AD10","PR",03-JUN-11,1
"AD11","PR",03-JUN-11,1
"AD12","PR",03-JUN-11,1
"AD13","PR",03-JUN-11,1
"AD14","PR",03-JUN-11,1
"AD15","PR",03-JUN-11,1
"AD16","PR",03-JUN-11,1
"AD17","PR",03-JUN-11,1
"AD18","PR",03-JUN-11,1
"AD19","PR",03-JUN-11,1
"AD20","PR",03-JUN-11,1
"N39","PR",03-JUN-11,1
"N4","PR",03-JUN-11,1
"N40","PR",03-JUN-11,1
"N41","PR",03-JUN-11,1
"N42","PR",03-JUN-11,1
"N43","PR",03-JUN-11,1
"N44","PR",03-JUN-11,1
"N45","PR",03-JUN-11,1
"N46","PR",03-JUN-11,1
"N47","PR",03-JUN-11,1
"N48","PR",03-JUN-11,1
"N49","PR",03-JUN-11,1
"N5","PR",03-JUN-11,1
"N50","PR",03-JUN-11,1
"N51","PR",03-JUN-11,1
"N52","PR",03-JUN-11,1
"N53","PR",03-JUN-11,1
"N54","PR",03-JUN-11,1
"N55","PR",03-JUN-11,1
"N56","PR",03-JUN-11,1
"N57","PR",03-JUN-11,1
"N58","PR",03-JUN-11,1
"N59","PR",03-JUN-11,1
"N6","PR",03-JUN-11,1
"N60","PR",03-JUN-11,1
"N61","PR",03-JUN-11,1
"N62","PR",03-JUN-11,1
"N63","PR",03-JUN-11,1
"N64","PR",03-JUN-11,1
"N65","PR",03-JUN-11,1
"N66","PR",03-JUN-11,1
"N67","PR",03-JUN-11,1
"N68","PR",03-JUN-11,1
"N69","PR",03-JUN-11,1
"N7","PR",03-JUN-11,1
"N70","PR",03-JUN-11,1
"N71","PR",03-JUN-11,1
"N72","PR",03-JUN-11,1
"N73","PR",03-JUN-11,1
"N74","PR",03-JUN-11,1
"N75","PR",03-JUN-11,1
"N76","PR",03-JUN-11,1
"N77","PR",03-JUN-11,1
"N78","PR",03-JUN-11,1
"N79","PR",03-JUN-11,1
"N8","PR",03-JUN-11,1
"N80","PR",03-JUN-11,1
"N81","PR",03-JUN-11,1
"N9","PR",03-JUN-11,1
"O1","PR",03-JUN-11,1
"O10","PR",03-JUN-11,1
"O11","PR",03-JUN-11,1
"O12","PR",03-JUN-11,1
"O13","PR",03-JUN-11,1
"O14","PR",03-JUN-11,1
"O15","PR",03-JUN-11,1
"O16","PR",03-JUN-11,1
"O17","PR",03-JUN-11,1
"O18","PR",03-JUN-11,1
"O19","PR",03-JUN-11,1
"O2","PR",03-JUN-11,1
"O20","PR",03-JUN-11,1
"O21","PR",03-JUN-11,1
"O22","PR",03-JUN-11,1
"O23","PR",03-JUN-11,1
"O24","PR",03-JUN-11,1
"O25","PR",03-JUN-11,1
"O26","PR",03-JUN-11,1
"O27","PR",03-JUN-11,1
"O28","PR",03-JUN-11,1
"O29","PR",03-JUN-11,1
"O3","PR",03-JUN-11,1
"O30","PR",03-JUN-11,1
"O31","PR",03-JUN-11,1
"O32","PR",03-JUN-11,1
"O33","PR",03-JUN-11,1
"O34","PR",03-JUN-11,1
"O35","PR",03-JUN-11,1
"O36","PR",03-JUN-11,1
"O37","PR",03-JUN-11,1
"O38","PR",03-JUN-11,1
"O39","PR",03-JUN-11,1
"O4","PR",03-JUN-11,1
"O40","PR",03-JUN-11,1
"O41","PR",03-JUN-11,1
"O42","PR",03-JUN-11,1
"O43","PR",03-JUN-11,1
"O44","PR",03-JUN-11,1
"O45","PR",03-JUN-11,1
"O46","PR",03-JUN-11,1
"O47","PR",03-JUN-11,1
"O48","PR",03-JUN-11,1
"O49","PR",03-JUN-11,1
"O5","PR",03-JUN-11,1
"O50","PR",03-JUN-11,1
"O51","PR",03-JUN-11,1
"O52","PR",03-JUN-11,1
"O53","PR",03-JUN-11,1
"O54","PR",03-JUN-11,1
"O55","PR",03-JUN-11,1
"O56","PR",03-JUN-11,1
"O57","PR",03-JUN-11,1
"O58","PR",03-JUN-11,1
"O59","PR",03-JUN-11,1
"O6","PR",03-JUN-11,1
"O60","PR",03-JUN-11,1
"O61","PR",03-JUN-11,1
"O62","PR",03-JUN-11,1
"O63","PR",03-JUN-11,1
"O64","PR",03-JUN-11,1
"O65","PR",03-JUN-11,1
"O66","PR",03-JUN-11,1
"O67","PR",03-JUN-11,1
"O68","PR",03-JUN-11,1
"O69","PR",03-JUN-11,1
"O7","PR",03-JUN-11,1
"O70","PR",03-JUN-11,1
"O71","PR",03-JUN-11,1
"O72","PR",03-JUN-11,1
"O73","PR",03-JUN-11,1
"O74","PR",03-JUN-11,1
"O75","PR",03-JUN-11,1
"O76","PR",03-JUN-11,1
"O77","PR",03-JUN-11,1
"O78","PR",03-JUN-11,1
"O79","PR",03-JUN-11,1
"O8","PR",03-JUN-11,1
"O80","PR",03-JUN-11,1
"O81","PR",03-JUN-11,1
"O9","PR",03-JUN-11,1
"P1","PR",03-JUN-11,1
"P10","PR",03-JUN-11,1
"P11","PR",03-JUN-11,1
"P12","PR",03-JUN-11,1
"P13","PR",03-JUN-11,1
"P14","PR",03-JUN-11,1
"P15","PR",03-JUN-11,1
"P16","PR",03-JUN-11,1
"P17","PR",03-JUN-11,1
"P18","PR",03-JUN-11,1
"P19","PR",03-JUN-11,1
"P2","PR",03-JUN-11,1
"P20","PR",03-JUN-11,1
"P21","PR",03-JUN-11,1
"P22","PR",03-JUN-11,1
"P23","PR",03-JUN-11,1
"P24","PR",03-JUN-11,1
"P25","PR",03-JUN-11,1
"P26","PR",03-JUN-11,1
"P27","PR",03-JUN-11,1
"P28","PR",03-JUN-11,1
"P29","PR",03-JUN-11,1
"P3","PR",03-JUN-11,1
"P30","PR",03-JUN-11,1
"P31","PR",03-JUN-11,1
"P32","PR",03-JUN-11,1
"P33","PR",03-JUN-11,1
"P34","PR",03-JUN-11,1
"P35","PR",03-JUN-11,1
"P36","PR",03-JUN-11,1
"P37","PR",03-JUN-11,1
"P38","PR",03-JUN-11,1
"P39","PR",03-JUN-11,1
"P4","PR",03-JUN-11,1
"P40","PR",03-JUN-11,1
"P41","PR",03-JUN-11,1
"P42","PR",03-JUN-11,1
"P43","PR",03-JUN-11,1
"P44","PR",03-JUN-11,1
"P45","PR",03-JUN-11,1
"P46","PR",03-JUN-11,1
"P47","PR",03-JUN-11,1
"P48","PR",03-JUN-11,1
"P49","PR",03-JUN-11,1
"P5","PR",03-JUN-11,1
"P50","PR",03-JUN-11,1
"P51","PR",03-JUN-11,1
"P52","PR",03-JUN-11,1
"P53","PR",03-JUN-11,1
"P54","PR",03-JUN-11,1
"P55","PR",03-JUN-11,1
"P56","PR",03-JUN-11,1
"P57","PR",03-JUN-11,1
"P58","PR",03-JUN-11,1
"P59","PR",03-JUN-11,1
"P6","PR",03-JUN-11,1
"P60","PR",03-JUN-11,1
"P61","PR",03-JUN-11,1
"P62","PR",03-JUN-11,1
"P63","PR",03-JUN-11,1
"P64","PR",03-JUN-11,1
"P65","PR",03-JUN-11,1
"P66","PR",03-JUN-11,1
"P67","PR",03-JUN-11,1
"P68","PR",03-JUN-11,1
"P69","PR",03-JUN-11,1
"P7","PR",03-JUN-11,1
"P70","PR",03-JUN-11,1
"P71","PR",03-JUN-11,1
"P72","PR",03-JUN-11,1
"P73","PR",03-JUN-11,1
"P74","PR",03-JUN-11,1
"P75","PR",03-JUN-11,1
"P76","PR",03-JUN-11,1
"P77","PR",03-JUN-11,1
"P78","PR",03-JUN-11,1
"P79","PR",03-JUN-11,1
"P8","PR",03-JUN-11,1
"P80","PR",03-JUN-11,1
"P81","PR",03-JUN-11,1
"P9","PR",03-JUN-11,1
"Q1","PR",03-JUN-11,1
"Q10","PR",03-JUN-11,1
"Q11","PR",03-JUN-11,1
"Q12","PR",03-JUN-11,1
"Q13","PR",03-JUN-11,1
"Q14","PR",03-JUN-11,1
"Q15","PR",03-JUN-11,1
"Q16","PR",03-JUN-11,1
"Q17","PR",03-JUN-11,1
"Q18","PR",03-JUN-11,1
"Q19","PR",03-JUN-11,1
"Q2","PR",03-JUN-11,1
"Q20","PR",03-JUN-11,1
"Q21","PR",03-JUN-11,1
"Q22","PR",03-JUN-11,1
"Q23","PR",03-JUN-11,1
"Q24","PR",03-JUN-11,1
"Q25","PR",03-JUN-11,1
"Q26","PR",03-JUN-11,1
"Q27","PR",03-JUN-11,1
"Q28","PR",03-JUN-11,1
"Q29","PR",03-JUN-11,1
"Q3","PR",03-JUN-11,1
"Q30","PR",03-JUN-11,1
"Q31","PR",03-JUN-11,1
"Q32","PR",03-JUN-11,1
"Q33","PR",03-JUN-11,1
"Q34","PR",03-JUN-11,1
"Q35","PR",03-JUN-11,1
"Q36","PR",03-JUN-11,1
"Q37","PR",03-JUN-11,1
"Q38","PR",03-JUN-11,1
"Q39","PR",03-JUN-11,1
"Q4","PR",03-JUN-11,1
"Q40","PR",03-JUN-11,1
"Q41","PR",03-JUN-11,1
"Q42","PR",03-JUN-11,1
"Q43","PR",03-JUN-11,1
"Q44","PR",03-JUN-11,1
"Q45","PR",03-JUN-11,1
"Q46","PR",03-JUN-11,1
"Q47","PR",03-JUN-11,1
"Q48","PR",03-JUN-11,1
"Q49","PR",03-JUN-11,1
"Q5","PR",03-JUN-11,1
"Q50","PR",03-JUN-11,1
"Q51","PR",03-JUN-11,1
"Q52","PR",03-JUN-11,1
"Q53","PR",03-JUN-11,1
"Q54","PR",03-JUN-11,1
"Q55","PR",03-JUN-11,1
"Q56","PR",03-JUN-11,1
"Q57","PR",03-JUN-11,1
"Q58","PR",03-JUN-11,1
"Q59","PR",03-JUN-11,1
"Q6","PR",03-JUN-11,1
"Q60","PR",03-JUN-11,1
"Q61","PR",03-JUN-11,1
"Q62","PR",03-JUN-11,1
"Q63","PR",03-JUN-11,1
"Q64","PR",03-JUN-11,1
"Q65","PR",03-JUN-11,1
"Q66","PR",03-JUN-11,1
"Q67","PR",03-JUN-11,1
"Q68","PR",03-JUN-11,1
"Q69","PR",03-JUN-11,1
"Q7","PR",03-JUN-11,1
"Q70","PR",03-JUN-11,1
"Q71","PR",03-JUN-11,1
"Q72","PR",03-JUN-11,1
"Q73","PR",03-JUN-11,1
"Q74","PR",03-JUN-11,1
"Q75","PR",03-JUN-11,1
"Q76","PR",03-JUN-11,1
"Q77","PR",03-JUN-11,1
"Q78","PR",03-JUN-11,1
"Q79","PR",03-JUN-11,1
"Q8","PR",03-JUN-11,1
"Q80","PR",03-JUN-11,1
"Q81","PR",03-JUN-11,1
"Q9","PR",03-JUN-11,1
"R53","PR",03-JUN-11,1
"R54","PR",03-JUN-11,1
"R55","PR",03-JUN-11,1
"R56","PR",03-JUN-11,1
"R57","PR",03-JUN-11,1
"R58","PR",03-JUN-11,1
"R59","PR",03-JUN-11,1
"R60","PR",03-JUN-11,1
"R61","PR",03-JUN-11,1
"R62","PR",03-JUN-11,1
"R63","PR",03-JUN-11,1
"R64","PR",03-JUN-11,1
"R65","PR",03-JUN-11,1
"R66","PR",03-JUN-11,1
"R67","PR",03-JUN-11,1
"R68","PR",03-JUN-11,1
"R69","PR",03-JUN-11,1
"R70","PR",03-JUN-11,1
"R71","PR",03-JUN-11,1
"R72","PR",03-JUN-11,1
"R73","PR",03-JUN-11,1
"R74","PR",03-JUN-11,1
"R75","PR",03-JUN-11,1
"R76","PR",03-JUN-11,1
"R77","PR",03-JUN-11,1
"R78","PR",03-JUN-11,1
"R79","PR",03-JUN-11,1
"R80","PR",03-JUN-11,1
"R81","PR",03-JUN-11,1
"AB18","PR",03-JUN-11,1
"AB19","PR",03-JUN-11,1
"AB20","PR",03-JUN-11,1
"AB21","PR",03-JUN-11,1
"AB22","PR",03-JUN-11,1
"AB23","PR",03-JUN-11,1
"AB59","PR",03-JUN-11,1
"AB60","PR",03-JUN-11,1
"AB61","PR",03-JUN-11,1
"AB62","PR",03-JUN-11,1
"AB63","PR",03-JUN-11,1
"AB64","PR",03-JUN-11,1
"AB65","PR",03-JUN-11,1
"AB66","PR",03-JUN-11,1
"AB67","PR",03-JUN-11,1
"AB68","PR",03-JUN-11,1
"AB69","PR",03-JUN-11,1
"AB70","PR",03-JUN-11,1
"AB71","PR",03-JUN-11,1
"AB72","PR",03-JUN-11,1
"AB73","PR",03-JUN-11,1
"AB74","PR",03-JUN-11,1
"AB75","PR",03-JUN-11,1
"AB76","PR",03-JUN-11,1
